system,seed,comparison,a_mean,a_p95,a_n,b_mean,b_p95,b_n
full,0,zone_vs_cross_zone,1819.7168010152448,3930.2801212243958,780,1401.8663726409536,3451.2325039454063,134
full,0,memory_vs_llm_decision,0.07402368234416654,0.15171933919191366,173,289.05079306156665,338.11384013056755,73
full,0,cache_vs_slm_translation,8.18556365931803,11.181389633566141,907,305.26814832528754,332.3040590099096,93
full,1,zone_vs_cross_zone,1887.0387211348304,4113.9927424408725,789,1562.706335229999,3531.139939803416,120
full,1,memory_vs_llm_decision,0.0689964193631621,0.14657448045909396,170,285.08278796966954,334.2347201668471,92
full,1,cache_vs_slm_translation,8.091075759109676,10.43039932847023,906,303.8458935735359,331.8373196338266,94
full,2,zone_vs_cross_zone,1770.9425889175172,4065.4403924562757,791,1445.5326494840342,3746.002368307933,132
full,2,memory_vs_llm_decision,0.07230556156072351,0.14993455260992045,180,285.11531821694103,348.9137206366062,93
full,2,cache_vs_slm_translation,8.192661773635947,11.214299593120813,904,303.3488665367042,332.01045037508015,96
