system,seed,bin,t_s,requests,invocations_per_request,slm_per_request,llm_per_request,cache_hit_rate,escalation_rate,llm_stage_rate,acceptance_rate,slm_fresh,slm_cached_disk,llm_fresh,llm_cached_disk
full,0,0,0.0,26.0,0.38461538461538464,0.38461538461538464,0.0,0.6153846153846154,0.0,0.0,1.0,10.0,0.0,0.0,0.0
full,0,1,450.0,21.0,0.09523809523809523,0.09523809523809523,0.0,0.9047619047619048,0.0,0.0,1.0,2.0,0.0,0.0,0.0
full,0,2,900.0,22.0,0.09090909090909091,0.09090909090909091,0.0,1.0,0.0,0.0,1.0,2.0,0.0,0.0,0.0
full,0,3,1350.0,16.0,0.0,0.0,0.0,1.0,0.0,0.0,1.0,0.0,0.0,0.0,0.0
full,0,4,1800.0,23.0,0.13043478260869565,0.13043478260869565,0.0,0.9130434782608695,0.0,0.0,1.0,3.0,0.0,0.0,0.0
full,0,5,2250.0,31.0,0.0967741935483871,0.03225806451612903,0.06451612903225806,0.967741935483871,0.0967741935483871,0.06451612903225806,1.0,1.0,0.0,2.0,0.0
full,0,6,2700.0,34.0,0.058823529411764705,0.029411764705882353,0.029411764705882353,1.0,0.029411764705882353,0.0,1.0,1.0,0.0,1.0,0.0
full,0,7,3150.0,51.0,0.13725490196078433,0.11764705882352941,0.0196078431372549,0.9215686274509803,0.0196078431372549,0.0,1.0,6.0,0.0,1.0,0.0
full,0,8,3600.0,43.0,0.11627906976744186,0.11627906976744186,0.0,0.8837209302325582,0.0,0.0,1.0,5.0,0.0,0.0,0.0
full,0,9,4050.0,58.0,0.06896551724137931,0.05172413793103448,0.017241379310344827,0.9655172413793104,0.15517241379310345,0.017241379310344827,0.9137931034482759,3.0,0.0,1.0,0.0
full,0,10,4500.0,45.0,0.044444444444444446,0.044444444444444446,0.0,0.9777777777777777,0.022222222222222223,0.0,1.0,2.0,0.0,0.0,0.0
full,0,11,4950.0,52.0,0.1346153846153846,0.09615384615384616,0.038461538461538464,0.9615384615384616,0.019230769230769232,0.019230769230769232,1.0,5.0,0.0,1.0,0.0
full,0,12,5400.0,69.0,0.4057971014492754,0.2753623188405797,0.13043478260869565,0.7536231884057971,0.2608695652173913,0.10144927536231885,0.9420289855072463,19.0,0.0,9.0,0.0
full,0,13,5850.0,28.0,0.32142857142857145,0.17857142857142858,0.14285714285714285,0.8571428571428571,0.5357142857142857,0.07142857142857142,0.8928571428571429,4.0,1.0,3.0,0.0
full,0,14,6300.0,52.0,0.25,0.19230769230769232,0.057692307692307696,0.8461538461538461,0.19230769230769232,0.038461538461538464,1.0,10.0,0.0,2.0,0.0
full,0,15,6750.0,53.0,0.24528301886792453,0.11320754716981132,0.1320754716981132,0.9245283018867925,0.33962264150943394,0.09433962264150944,0.9056603773584906,6.0,0.0,6.0,0.0
full,0,16,7200.0,60.0,0.25,0.06666666666666667,0.18333333333333332,0.9333333333333333,0.5166666666666667,0.15,0.95,4.0,0.0,11.0,0.0
full,0,17,7650.0,55.0,0.2909090909090909,0.12727272727272726,0.16363636363636364,0.8909090909090909,0.7272727272727273,0.14545454545454545,0.8545454545454545,7.0,0.0,9.0,0.0
full,0,18,8100.0,50.0,0.3,0.06,0.24,0.94,0.64,0.2,0.9,3.0,0.0,12.0,0.0
full,0,19,8550.0,53.0,0.2830188679245283,0.11320754716981132,0.16981132075471697,0.9056603773584906,0.7547169811320755,0.16981132075471697,0.7358490566037735,6.0,0.0,9.0,0.0
full,0,20,9000.0,44.0,0.20454545454545456,0.06818181818181818,0.13636363636363635,0.9318181818181818,0.7045454545454546,0.11363636363636363,0.75,3.0,0.0,6.0,0.0
full,0,21,9450.0,41.0,0.2926829268292683,0.17073170731707318,0.12195121951219512,0.8780487804878049,0.5609756097560976,0.12195121951219512,0.8048780487804879,6.0,1.0,5.0,0.0
full,0,22,9900.0,49.0,0.20408163265306123,0.08163265306122448,0.12244897959183673,0.9591836734693877,0.7551020408163265,0.12244897959183673,0.7142857142857143,4.0,0.0,6.0,0.0
full,0,23,10350.0,24.0,0.3333333333333333,0.16666666666666666,0.16666666666666666,0.875,0.7916666666666666,0.16666666666666666,0.9166666666666666,4.0,0.0,4.0,0.0
full,1,0,0.0,35.0,0.34285714285714286,0.34285714285714286,0.0,0.7142857142857143,0.0,0.0,1.0,12.0,0.0,0.0,0.0
full,1,1,450.0,23.0,0.17391304347826086,0.17391304347826086,0.0,0.9130434782608695,0.0,0.0,1.0,4.0,0.0,0.0,0.0
full,1,2,900.0,16.0,0.0625,0.0625,0.0,1.0,0.0,0.0,1.0,1.0,0.0,0.0,0.0
full,1,3,1350.0,20.0,0.1,0.1,0.0,0.9,0.0,0.0,1.0,2.0,0.0,0.0,0.0
full,1,4,1800.0,24.0,0.16666666666666666,0.16666666666666666,0.0,0.9166666666666666,0.0,0.0,1.0,3.0,1.0,0.0,0.0
full,1,5,2250.0,26.0,0.11538461538461539,0.07692307692307693,0.038461538461538464,0.9615384615384616,0.0,0.0,1.0,2.0,0.0,1.0,0.0
full,1,6,2700.0,43.0,0.06976744186046512,0.06976744186046512,0.0,0.9767441860465116,0.0,0.0,1.0,3.0,0.0,0.0,0.0
full,1,7,3150.0,50.0,0.1,0.06,0.04,0.96,0.1,0.04,1.0,3.0,0.0,2.0,0.0
full,1,8,3600.0,52.0,0.11538461538461539,0.07692307692307693,0.038461538461538464,0.9423076923076923,0.038461538461538464,0.0,0.9615384615384616,4.0,0.0,2.0,0.0
full,1,9,4050.0,50.0,0.26,0.18,0.08,0.94,0.04,0.02,1.0,8.0,1.0,4.0,0.0
full,1,10,4500.0,53.0,0.16981132075471697,0.03773584905660377,0.1320754716981132,0.9811320754716981,0.07547169811320754,0.018867924528301886,1.0,2.0,0.0,7.0,0.0
full,1,11,4950.0,59.0,0.2542372881355932,0.15254237288135594,0.1016949152542373,0.9152542372881356,0.1016949152542373,0.06779661016949153,1.0,9.0,0.0,6.0,0.0
full,1,12,5400.0,58.0,0.3448275862068966,0.1724137931034483,0.1724137931034483,0.8275862068965517,0.3448275862068966,0.10344827586206896,0.9137931034482759,10.0,0.0,9.0,0.0
full,1,13,5850.0,52.0,0.38461538461538464,0.19230769230769232,0.19230769230769232,0.8653846153846154,0.5961538461538461,0.15384615384615385,0.9807692307692307,10.0,0.0,8.0,0.0
full,1,14,6300.0,53.0,0.3584905660377358,0.1509433962264151,0.20754716981132076,0.8679245283018868,0.5283018867924528,0.16981132075471697,0.9245283018867925,8.0,0.0,11.0,0.0
full,1,15,6750.0,55.0,0.34545454545454546,0.09090909090909091,0.2545454545454545,0.9272727272727272,0.5818181818181818,0.23636363636363636,0.9272727272727272,5.0,0.0,14.0,0.0
full,1,16,7200.0,44.0,0.4090909090909091,0.13636363636363635,0.2727272727272727,0.8863636363636364,0.5909090909090909,0.22727272727272727,0.9090909090909091,6.0,0.0,12.0,0.0
full,1,17,7650.0,49.0,0.2857142857142857,0.16326530612244897,0.12244897959183673,0.8775510204081632,0.6938775510204082,0.12244897959183673,0.7959183673469388,8.0,0.0,6.0,0.0
full,1,18,8100.0,43.0,0.3488372093023256,0.13953488372093023,0.20930232558139536,0.9302325581395349,0.7441860465116279,0.20930232558139536,0.7674418604651163,6.0,0.0,9.0,0.0
full,1,19,8550.0,43.0,0.2558139534883721,0.13953488372093023,0.11627906976744186,0.8837209302325582,0.627906976744186,0.11627906976744186,0.7441860465116279,6.0,0.0,5.0,0.0
full,1,20,9000.0,41.0,0.24390243902439024,0.0975609756097561,0.14634146341463414,0.926829268292683,0.7317073170731707,0.14634146341463414,0.7560975609756098,4.0,0.0,6.0,0.0
full,1,21,9450.0,45.0,0.3111111111111111,0.13333333333333333,0.17777777777777778,0.8666666666666667,0.7555555555555555,0.15555555555555556,0.8222222222222222,6.0,0.0,8.0,0.0
full,1,22,9900.0,42.0,0.3333333333333333,0.11904761904761904,0.21428571428571427,0.9047619047619048,0.8571428571428571,0.21428571428571427,0.6904761904761905,5.0,0.0,9.0,0.0
full,1,23,10350.0,24.0,0.2916666666666667,0.08333333333333333,0.20833333333333334,0.9166666666666666,0.625,0.20833333333333334,0.9166666666666666,1.0,1.0,5.0,0.0
full,2,0,0.0,23.0,0.43478260869565216,0.43478260869565216,0.0,0.6086956521739131,0.0,0.0,1.0,10.0,0.0,0.0,0.0
full,2,1,450.0,18.0,0.05555555555555555,0.05555555555555555,0.0,0.9444444444444444,0.0,0.0,1.0,1.0,0.0,0.0,0.0
full,2,2,900.0,25.0,0.08,0.04,0.04,1.0,0.04,0.04,1.0,1.0,0.0,1.0,0.0
full,2,3,1350.0,19.0,0.21052631578947367,0.21052631578947367,0.0,0.9473684210526315,0.0,0.0,1.0,4.0,0.0,0.0,0.0
full,2,4,1800.0,23.0,0.13043478260869565,0.13043478260869565,0.0,0.9130434782608695,0.0,0.0,1.0,3.0,0.0,0.0,0.0
full,2,5,2250.0,19.0,0.2631578947368421,0.21052631578947367,0.05263157894736842,0.8947368421052632,0.0,0.0,1.0,4.0,0.0,1.0,0.0
full,2,6,2700.0,35.0,0.02857142857142857,0.0,0.02857142857142857,1.0,0.05714285714285714,0.02857142857142857,0.9714285714285714,0.0,0.0,1.0,0.0
full,2,7,3150.0,43.0,0.09302325581395349,0.023255813953488372,0.06976744186046512,0.9767441860465116,0.046511627906976744,0.0,0.9767441860465116,1.0,0.0,3.0,0.0
full,2,8,3600.0,47.0,0.14893617021276595,0.1276595744680851,0.02127659574468085,0.8936170212765957,0.06382978723404255,0.02127659574468085,1.0,6.0,0.0,1.0,0.0
full,2,9,4050.0,56.0,0.17857142857142858,0.14285714285714285,0.03571428571428571,0.9285714285714286,0.08928571428571429,0.0,1.0,8.0,0.0,2.0,0.0
full,2,10,4500.0,46.0,0.21739130434782608,0.08695652173913043,0.13043478260869565,0.9782608695652174,0.13043478260869565,0.0,1.0,4.0,0.0,5.0,0.0
full,2,11,4950.0,56.0,0.23214285714285715,0.125,0.10714285714285714,0.9107142857142857,0.23214285714285715,0.05357142857142857,0.9821428571428571,7.0,0.0,6.0,0.0
full,2,12,5400.0,59.0,0.3050847457627119,0.23728813559322035,0.06779661016949153,0.7796610169491526,0.13559322033898305,0.05084745762711865,0.9491525423728814,14.0,0.0,4.0,0.0
full,2,13,5850.0,53.0,0.4339622641509434,0.24528301886792453,0.18867924528301888,0.7735849056603774,0.3018867924528302,0.03773584905660377,0.9622641509433962,13.0,0.0,8.0,0.0
full,2,14,6300.0,52.0,0.4230769230769231,0.11538461538461539,0.3076923076923077,0.8846153846153846,0.5961538461538461,0.15384615384615385,0.9807692307692307,6.0,0.0,14.0,0.0
full,2,15,6750.0,56.0,0.32142857142857145,0.05357142857142857,0.26785714285714285,0.9464285714285714,0.5357142857142857,0.21428571428571427,0.9285714285714286,3.0,0.0,15.0,0.0
full,2,16,7200.0,50.0,0.24,0.08,0.16,0.94,0.76,0.16,0.88,4.0,0.0,8.0,0.0
full,2,17,7650.0,61.0,0.36065573770491804,0.11475409836065574,0.2459016393442623,0.9344262295081968,0.6721311475409836,0.22950819672131148,0.9016393442622951,7.0,0.0,15.0,0.0
full,2,18,8100.0,50.0,0.52,0.2,0.32,0.82,0.84,0.26,0.8,10.0,0.0,16.0,0.0
full,2,19,8550.0,49.0,0.2653061224489796,0.1836734693877551,0.08163265306122448,0.8775510204081632,0.6122448979591837,0.08163265306122448,0.7142857142857143,9.0,0.0,4.0,0.0
full,2,20,9000.0,48.0,0.20833333333333334,0.08333333333333333,0.125,0.9375,0.7916666666666666,0.10416666666666667,0.7916666666666666,4.0,0.0,6.0,0.0
full,2,21,9450.0,42.0,0.30952380952380953,0.11904761904761904,0.19047619047619047,0.9285714285714286,0.7619047619047619,0.16666666666666666,0.7380952380952381,5.0,0.0,8.0,0.0
full,2,22,9900.0,34.0,0.11764705882352941,0.0,0.11764705882352941,1.0,0.8823529411764706,0.08823529411764706,0.7647058823529411,0.0,0.0,4.0,0.0
full,2,23,10350.0,36.0,0.3055555555555556,0.16666666666666666,0.1388888888888889,0.9166666666666666,0.5555555555555556,0.1111111111111111,0.8055555555555556,6.0,0.0,5.0,0.0
