system,metric,mean,ci95,n_seeds
full,acceptance_A,0.9983739837398374,0.006996183300318938,3
full,acceptance_B,0.9608042846768337,0.0270353501121707,3
full,acceptance_C,0.8184108338588637,0.087963953201321,3
full,acceptance_prio_critical,0.9638631972705225,0.0900167337894358,3
full,acceptance_prio_high,0.8604669887278583,0.08876628865456336,3
full,acceptance_prio_low,1.0,0.0,3
full,acceptance_prio_normal,0.9240191838766334,0.02934074772483883,3
full,acceptance_rate,0.9186666666666667,0.027250133954742257,3
full,cache_hit_first_quarter,0.885306846386408,0.01458504198340242,3
full,cache_hit_last_quarter,0.91007916058626,0.02094397138026013,3
full,cache_hit_rate,0.9056666666666667,0.0037945830335497396,3
full,cache_hit_shared_rate,0.7800000000000001,0.025935159120695755,3
full,cache_hit_translation_acc,0.9484532298243256,0.04624990795989347,3
full,cache_miss_first_quarter,0.11469315361359206,0.01458504198340239,3
full,cache_miss_last_quarter,0.08992083941374002,0.020943971380260145,3
full,calls_llm_cached_disk,0.0,0.0,3
full,calls_llm_cached_disk_per_req,0.0,0.0,3
full,calls_llm_error,0.0,0.0,3
full,calls_llm_error_per_req,0.0,0.0,3
full,calls_llm_fresh,126.66666666666667,64.65124496620214,3
full,calls_llm_fresh_per_req,0.12666666666666668,0.06465124496620213,3
full,calls_slm_cached_disk,1.6666666666666667,3.794583033549736,3
full,calls_slm_cached_disk_per_req,0.0016666666666666668,0.003794583033549736,3
full,calls_slm_error,0.0,0.0,3
full,calls_slm_error_per_req,0.0,0.0,3
full,calls_slm_fresh,125.66666666666667,19.295424076815788,3
full,calls_slm_fresh_per_req,0.12566666666666668,0.01929542407681578,3
full,completed_correct_rate,0.83,0.03442122183756917,3
full,completion_A,0.9693796034931417,0.038669069449467734,3
full,completion_B,0.9016013071895426,0.023460001398272846,3
full,completion_C,0.8073822102619429,0.09051788895292055,3
full,completion_rate,0.8833333333333333,0.01744800987005405,3
full,cross_zone_share,0.08414901723172401,0.037632112402499286,3
full,degradations,35.666666666666664,5.17114501247818,3
full,degrade_mean_level,0.582108211705735,0.07154285303493656,3
full,degrade_per_100req,3.5666666666666664,0.5171145012478179,3
full,energy_kwh_alloc_share,74.4649426140732,33.94958472896959,3
full,escalation_rate,0.3356666666666667,0.12213606909037818,3
full,escalation_success,0.7526740411283922,0.1449482909152956,3
full,fail_node_loss,0.3333333333333333,1.4342175765653808,3
full,fail_preempt_unmigrated,35.0,13.14482121529396,3
full,fail_rate_after_accept,0.03842702896074029,0.01282412887889026,3
full,failure_recovery_rate,0.9722222222222222,0.11951813138044844,3
full,fresh_calls_per_req,0.2523333333333333,0.08359163387198541,3
full,fresh_tokens_per_req,191.94433333333336,89.03636781404896,3
full,interrupted_but_completed,93.0,23.69716344927462,3
full,interrupted_services,128.33333333333334,36.36809283706522,3
full,inv_per_req_first_quarter,0.17144879896607648,0.06595106261634322,3
full,inv_per_req_last_quarter,0.29112813189892295,0.09694459922813643,3
full,inv_per_req_slope_per_bin,0.009299479015855127,0.0011956429058746832,3
full,invocations_per_req,0.254,0.0814479016525058,3
full,lat_cache_vs_slm_translation_a_mean,7.253934017090818,0.09802297818436219,3
full,lat_cache_vs_slm_translation_a_p95,10.10219524614513,0.03545984341816844,3
full,lat_cache_vs_slm_translation_b_mean,210.13270501650254,2.561173661055267,3
full,lat_cache_vs_slm_translation_b_p95,243.2264484758526,1.0151258406931998,3
full,lat_cross_zone_mean,0.46617188319986297,0.19274960729464521,3
full,lat_decision_mean,32.75412591120332,7.0646668135991195,3
full,lat_deployment_mean,1726.5793006459417,157.59128985620018,3
full,lat_escalation_mean,17.412349168423372,8.823713394046477,3
full,lat_memory_vs_llm_decision_a_mean,0.0722965740833714,0.010692025227561717,3
full,lat_memory_vs_llm_decision_a_p95,0.13678676138321558,0.017362886739849225,3
full,lat_memory_vs_llm_decision_b_mean,295.4291053125021,10.613051140619193,3
full,lat_memory_vs_llm_decision_b_p95,394.4175917152067,4.938795787393058,3
full,lat_setup_mean,78.54522054590554,17.395759509898493,3
full,lat_setup_p50,8.532567096253237,0.7079293761691671,3
full,lat_setup_p95,368.3627139743268,18.77609915858856,3
full,lat_total_mean,1805.124521191847,142.72996967498733,3
full,lat_total_p50,1547.5617604601237,183.91677748410055,3
full,lat_total_p95,3964.681244116333,465.3574779089643,3
full,lat_translation_mean,26.912573583079006,1.5361395909924362,3
full,lat_transport_in_mean,1.0,0.0,3
full,lat_zone_vs_cross_zone_a_mean,1846.765336425203,129.24339417663924,3
full,lat_zone_vs_cross_zone_a_p95,3994.5846703663624,496.77135095776214,3
full,lat_zone_vs_cross_zone_b_mean,1355.104295198105,179.4493906402114,3
full,lat_zone_vs_cross_zone_b_p95,3402.5913706048595,952.9780301888668,3
full,llm_invocations_per_req,0.12666666666666668,0.06465124496620213,3
full,llm_per_escalation,0.3319349499261978,0.06916091181736145,3
full,llm_per_escalation_busy_first_half,0.3849544410153722,0.08464352088721473,3
full,llm_per_escalation_busy_second_half,0.2737547031818622,0.12468475928294649,3
full,llm_per_escalation_first_quarter,0.8333333333333333,2.1177007894053492,2
full,llm_per_escalation_last_quarter,0.2737547031818622,0.12468475928294649,3
full,llm_per_escalation_slope_per_bin,-0.014997989420481495,0.014755760768600221,3
full,llm_per_req_first_quarter,0.010045506901565361,0.021677036816596915,3
full,llm_per_req_last_quarter,0.17098408173458882,0.06519729437783527,3
full,llm_stage_rate,0.10166666666666667,0.027363127392938537,3
full,locality_violation_rate,0.005807228092449342,0.008318205990843267,3
full,memory_share_of_escalations,0.4103897608348563,0.14872502226471615,3
full,n_requests,1000.0,0.0,3
full,new_type_acceptance,0.9326965582973679,0.11887123974104424,3
full,new_type_requests,64.0,10.828105247223876,3
full,new_type_type_acc,0.3698086353031964,0.04959719248026868,3
full,node_failures,3.0,0.0,3
full,path_digest_share,0.013,0.012907958189088426,3
full,path_episodic_share,0.1376666666666667,0.09724164396853312,3
full,path_llm_degraded_share,0.02666666666666667,0.011201597362549394,3
full,path_llm_share,0.001,0.0,2
full,path_local_share,0.6643333333333333,0.12213606909037818,3
full,path_preempt_local_share,0.07366666666666667,0.033080407952234624,3
full,path_preempt_share,0.002,0.0,1
full,path_procedural_share,0.003,0.0,2
full,path_unresolved_share,0.08133333333333333,0.027250133954742222,3
full,placement_share_cv,0.6913208822149053,0.04194875202629174,3
full,preempt_per_100req,15.700000000000001,11.81729140137091,3
full,preempt_victim_migrated_rate,0.5581960854517246,0.1491265564295169,3
full,preempt_victims_lost,35.0,13.14482121529396,3
full,preempt_victims_migrated,86.0,50.97024437749362,3
full,preemptions,157.0,118.17291401370909,3
full,rejection_rate,0.08133333333333333,0.027250133954742222,3
full,replans_after_failure,14.333333333333334,18.809587177601763,3
full,shadow_checks,33.0,15.110419792948413,3
full,shadow_disagree_rate,0.31545006545006543,0.33863477394976554,3
full,slm_invocations_per_req,0.12733333333333333,0.017970694726077374,3
full,tokens_llm_in_per_req,119.14299999999999,75.40912513053756,3
full,tokens_llm_out_per_req,6.170000000000001,3.333053762593702,3
full,tokens_nonrequest_total,625.3333333333334,411.1254167014233,3
full,tokens_per_req_all,192.82066666666665,88.12915636355346,3
full,tokens_slm_in_per_req,62.013666666666666,8.828616457337732,3
full,tokens_slm_out_per_req,4.868666666666667,0.7136540416444567,3
full,tokens_total,192820.66666666666,88129.15636355347,3
full,translation_full_acc,0.6226666666666666,0.08314751933364356,3
full,translation_service_type_acc,0.9419999999999998,0.04533125937884513,3
full,util_var_nodes_mean,0.026866090707017763,0.014747218403466532,3
full,util_var_zones_mean,0.004940429163072146,0.002154470281798154,3
