system,seed,split,preemptions,victim_migrated,victim_lost
full,0,by:high,89,74,24
full,0,victim:normal,85,69,25
full,0,victim:low,19,19,0
full,0,by:critical,25,17,10
full,0,victim:high,10,3,9
full,1,by:high,106,89,30
full,1,victim:normal,115,96,32
full,1,victim:low,15,15,0
full,1,by:critical,35,24,11
full,1,victim:high,11,2,9
full,2,by:high,132,115,37
full,2,victim:normal,151,130,43
full,2,by:critical,38,31,9
full,2,victim:high,10,8,2
full,2,victim:low,9,8,1
no_memory,0,by:high,93,81,32
no_memory,0,victim:normal,96,83,33
no_memory,0,by:critical,21,13,10
no_memory,0,victim:low,6,6,0
no_memory,0,victim:high,12,5,9
no_memory,1,by:high,92,72,30
no_memory,1,victim:normal,104,82,32
no_memory,1,victim:low,2,2,0
no_memory,1,by:critical,27,18,11
no_memory,1,victim:high,13,6,9
no_memory,2,by:high,121,95,41
no_memory,2,victim:normal,132,105,44
no_memory,2,by:critical,31,26,9
no_memory,2,victim:high,14,11,5
no_memory,2,victim:low,6,5,1
no_digest,0,by:high,92,78,21
no_digest,0,victim:normal,100,86,21
no_digest,0,victim:low,13,13,0
no_digest,0,by:critical,34,25,9
no_digest,0,victim:high,13,4,9
no_digest,1,by:high,89,77,31
no_digest,1,victim:normal,105,91,34
no_digest,1,victim:low,9,9,0
no_digest,1,by:critical,35,25,11
no_digest,1,victim:high,10,2,8
no_digest,2,by:high,121,105,25
no_digest,2,victim:normal,130,112,28
no_digest,2,by:critical,32,27,10
no_digest,2,victim:high,9,7,6
no_digest,2,victim:low,14,13,1
memory_ablated,0,by:high,88,77,21
memory_ablated,0,victim:normal,95,83,24
memory_ablated,0,victim:low,8,8,0
memory_ablated,0,by:critical,31,24,11
memory_ablated,0,victim:high,16,10,8
memory_ablated,1,by:high,95,81,32
memory_ablated,1,victim:normal,110,96,37
memory_ablated,1,victim:low,5,5,0
memory_ablated,1,by:critical,36,28,15
memory_ablated,1,victim:high,16,8,10
memory_ablated,2,by:high,122,102,43
memory_ablated,2,victim:normal,133,110,48
memory_ablated,2,by:critical,32,25,9
memory_ablated,2,victim:high,14,10,4
memory_ablated,2,victim:low,7,7,0
no_intent_cache,0,by:high,97,82,26
no_intent_cache,0,victim:normal,103,87,29
no_intent_cache,0,victim:low,14,14,0
no_intent_cache,0,by:critical,27,22,7
no_intent_cache,0,victim:high,7,3,4
no_intent_cache,1,by:high,108,93,21
no_intent_cache,1,victim:normal,118,101,27
no_intent_cache,1,by:critical,39,28,15
no_intent_cache,1,victim:high,13,4,9
no_intent_cache,1,victim:low,16,16,0
no_intent_cache,2,by:high,130,107,41
no_intent_cache,2,victim:normal,147,121,48
no_intent_cache,2,by:critical,39,32,11
no_intent_cache,2,victim:high,10,6,4
no_intent_cache,2,victim:low,12,12,0
no_zone_tier,0,by:high,115,97,25
no_zone_tier,0,victim:normal,101,83,25
no_zone_tier,0,victim:low,29,29,0
no_zone_tier,0,by:critical,31,23,10
no_zone_tier,0,victim:high,16,8,10
no_zone_tier,1,by:critical,31,25,9
no_zone_tier,1,victim:high,7,2,5
no_zone_tier,1,by:high,130,108,45
no_zone_tier,1,victim:normal,128,105,49
no_zone_tier,1,victim:low,26,26,0
no_zone_tier,2,by:high,145,120,47
no_zone_tier,2,victim:normal,158,131,51
no_zone_tier,2,victim:low,9,9,0
no_zone_tier,2,by:critical,33,27,10
no_zone_tier,2,victim:high,11,7,6
no_cross_zone,0,by:high,56,22,39
no_cross_zone,0,victim:normal,55,17,44
no_cross_zone,0,victim:low,12,9,3
no_cross_zone,0,by:critical,21,8,14
no_cross_zone,0,victim:high,10,4,6
no_cross_zone,1,by:high,62,21,43
no_cross_zone,1,victim:normal,64,18,49
no_cross_zone,1,victim:low,13,12,1
no_cross_zone,1,by:critical,26,10,17
no_cross_zone,1,victim:high,11,1,10
no_cross_zone,2,by:high,77,28,54
no_cross_zone,2,victim:normal,76,21,60
no_cross_zone,2,victim:low,9,8,1
no_cross_zone,2,by:critical,18,8,12
no_cross_zone,2,victim:high,10,7,5
core,0,by:high,87,79,15
core,0,victim:normal,92,84,17
core,0,by:critical,26,21,7
core,0,victim:high,15,10,5
core,0,victim:low,6,6,0
core,1,by:high,102,81,35
core,1,victim:normal,115,89,42
core,1,by:critical,36,24,18
core,1,victim:high,18,11,11
core,1,victim:low,5,5,0
core,2,by:high,130,101,55
core,2,victim:normal,147,115,60
core,2,by:critical,34,29,11
core,2,victim:high,14,12,6
core,2,victim:low,3,3,0
react,0,by:high,5,2,3
react,0,victim:normal,4,1,3
react,0,by:critical,5,1,4
react,0,victim:high,5,1,4
react,0,victim:low,1,1,0
agentedge,0,by:high,188,150,62
agentedge,0,victim:normal,96,65,45
agentedge,0,victim:low,121,110,30
agentedge,0,by:critical,49,33,29
agentedge,0,victim:high,20,8,16
lats,0,by:high,21,5,20
lats,0,victim:low,6,0,6
lats,0,victim:normal,19,6,17
lats,0,by:critical,9,1,8
lats,0,victim:high,6,0,6
lats,0,by:normal,1,0,1
