hour bin,saved vs no_cache_sharing (%),saved vs no_intent_cache (%),saved vs no_memory (%)
0,51.8,61.3,2.6
1,83.0,89.2,0.0
2,81.3,92.3,16.7
3,62.2,89.6,0.0
4,69.2,85.7,0.0
5,70.1,87.5,47.8
6,88.3,95.8,67.5
7,77.0,90.5,65.3
8,61.5,85.8,49.5
9,35.8,81.2,57.8
10,70.9,90.7,72.8
11,41.8,79.4,48.2
12,31.8,65.3,36.9
13,48.7,73.3,57.4
14,49.7,74.6,62.1
15,52.1,72.5,48.3
16,56.2,77.6,64.7
17,36.5,69.6,49.5
18,46.7,74.0,58.9
19,54.5,76.0,55.7
20,41.6,77.5,62.6
21,57.3,76.8,58.4
22,67.5,83.8,66.0
23,49.4,73.0,55.8
