metric,full,no_memory,no_intent_cache,no_cache_sharing,no_preempt_degrade,no_zone_tier,no_cross_zone,greedy_oracle,rule_based,core
acceptance_A,0.9801 ± 0.0071,0.9809 ± 0.0087,0.978 ± 0.0077,0.9787 ± 0.0076,0.9715 ± 0.0065,0.9769 ± 0.0062,0.9685 ± 0.012,0.9989 ± 0.0011,0.9724 ± 0.0066,0.9796 ± 0.0075
acceptance_B,0.9144 ± 0.015,0.9088 ± 0.017,0.9148 ± 0.0093,0.9118 ± 0.014,0.7941 ± 0.031,0.9072 ± 0.018,0.8578 ± 0.011,0.8449 ± 0.039,0.743 ± 0.031,0.9099 ± 0.01
acceptance_C,0.8698 ± 0.04,0.854 ± 0.041,0.867 ± 0.041,0.8579 ± 0.053,0.7159 ± 0.075,0.8702 ± 0.041,0.8143 ± 0.036,0.78 ± 0.065,0.5768 ± 0.038,0.867 ± 0.041
acceptance_prio_critical,0.9355 ± 0.02,0.9371 ± 0.016,0.9548 ± 0.011,0.9449 ± 0.016,0.6965 ± 0.051,0.9401 ± 0.025,0.9302 ± 0.02,0.8978 ± 0.043,0.4907 ± 0.039,0.9551 ± 0.016
acceptance_prio_high,0.8368 ± 0.021,0.8424 ± 0.018,0.8363 ± 0.02,0.8317 ± 0.026,0.6254 ± 0.044,0.8358 ± 0.032,0.8556 ± 0.018,0.8272 ± 0.049,0.6365 ± 0.03,0.8338 ± 0.021
acceptance_prio_low,0.9865 ± 0.0081,0.9798 ± 0.0084,0.9817 ± 0.0077,0.9831 ± 0.0072,0.9802 ± 0.0076,0.9867 ± 0.0047,0.9494 ± 0.017,1,0.8846 ± 0.013,0.9868 ± 0.0047
acceptance_prio_normal,0.9383 ± 0.017,0.9151 ± 0.027,0.9324 ± 0.022,0.9268 ± 0.029,0.9054 ± 0.037,0.9283 ± 0.023,0.8183 ± 0.021,0.7977 ± 0.04,0.805 ± 0.027,0.9274 ± 0.025
acceptance_rate,0.9121 ± 0.014,0.9041 ± 0.017,0.9108 ± 0.016,0.9063 ± 0.022,0.8029 ± 0.034,0.9084 ± 0.021,0.8653 ± 0.014,0.8537 ± 0.033,0.7309 ± 0.023,0.909 ± 0.017
cache_hit_first_quarter,0.9772 ± 0.0018,0.9772 ± 0.0018,n/a,0.8301 ± 0.0064,0.9772 ± 0.0018,0.9772 ± 0.0018,0.9772 ± 0.0018,n/a,n/a,n/a
cache_hit_last_quarter,0.9871 ± 0.0009,0.9871 ± 0.0009,n/a,0.8851 ± 0.0035,0.9871 ± 0.0009,0.9871 ± 0.0009,0.9871 ± 0.0009,n/a,n/a,n/a
cache_hit_rate,0.9819 ± 0.00045,0.9819 ± 0.00045,n/a,0.8706 ± 0.0013,0.9819 ± 0.00045,0.9819 ± 0.00048,0.9819 ± 0.00045,n/a,n/a,n/a
cache_hit_shared_rate,0.8553 ± 0.01,0.8553 ± 0.01,n/a,0,0.8553 ± 0.01,0,0.8553 ± 0.01,n/a,n/a,n/a
cache_hit_translation_acc,0.8913 ± 0.017,0.8975 ± 0.0097,n/a,0.8952 ± 0.013,0.8975 ± 0.0097,0.8793 ± 0.015,0.8975 ± 0.0097,n/a,n/a,n/a
cache_miss_first_quarter,0.02275 ± 0.0018,0.02275 ± 0.0018,n/a,0.1699 ± 0.0064,0.02275 ± 0.0018,0.02275 ± 0.0018,0.02275 ± 0.0018,n/a,n/a,n/a
cache_miss_last_quarter,0.0129 ± 0.0009,0.0129 ± 0.0009,n/a,0.1149 ± 0.0035,0.0129 ± 0.0009,0.0129 ± 0.0009,0.0129 ± 0.0009,n/a,n/a,n/a
calls_llm_cached_disk,0,41.6 ± 11,0,0,0,0,0,0,0,0
calls_llm_cached_disk_per_req,0,0.006933 ± 0.0019,0,0,0,0,0,0,0,0
calls_llm_error,0,0,0,0,0,0,0,0,0,0
calls_llm_error_per_req,0,0,0,0,0,0,0,0,0,0
calls_llm_fresh,599.4 ± 92,2284 ± 2e+02,586.8 ± 74,584.8 ± 66,3.8 ± 0.56,734.4 ± 64,304.6 ± 38,0,0,1515 ± 1.8e+02
calls_llm_fresh_per_req,0.0999 ± 0.015,0.3807 ± 0.033,0.0978 ± 0.012,0.09747 ± 0.011,0.0006333 ± 9.3e-05,0.1224 ± 0.011,0.05077 ± 0.0064,0,0,0.2525 ± 0.029
calls_slm_cached_disk,8.8 ± 2.4,8.8 ± 2.4,4442 ± 19,363.8 ± 13,8.8 ± 2.4,7.2 ± 1.6,8.8 ± 2.4,0,0,4444 ± 18
calls_slm_cached_disk_per_req,0.001467 ± 0.0004,0.001467 ± 0.0004,0.7403 ± 0.0032,0.06063 ± 0.0022,0.001467 ± 0.0004,0.0012 ± 0.00027,0.001467 ± 0.0004,0,0,0.7407 ± 0.0031
calls_slm_error,0,0,0,0,0,0,0,0,0,0
calls_slm_error_per_req,0,0,0,0,0,0,0,0,0,0
calls_slm_fresh,225.2 ± 8.3,225.2 ± 8.3,1558 ± 19,610.6 ± 9.2,225.2 ± 8.3,233.8 ± 15,225.2 ± 8.3,0,0,2616 ± 1.2e+02
calls_slm_fresh_per_req,0.03753 ± 0.0014,0.03753 ± 0.0014,0.2597 ± 0.0032,0.1018 ± 0.0015,0.03753 ± 0.0014,0.03897 ± 0.0025,0.03753 ± 0.0014,0,0,0.4359 ± 0.02
completed_correct_rate,0.7902 ± 0.016,0.7883 ± 0.0054,0.7957 ± 0.017,0.7806 ± 0.022,0.7067 ± 0.018,0.7792 ± 0.017,0.7411 ± 0.0091,0.8457 ± 0.03,0.7163 ± 0.019,0.791 ± 0.019
completion_A,0.9731 ± 0.0091,0.975 ± 0.011,0.9712 ± 0.0079,0.9713 ± 0.0087,0.9676 ± 0.0076,0.9695 ± 0.0084,0.9549 ± 0.013,0.9966 ± 0.0036,0.9692 ± 0.0066,0.972 ± 0.009
completion_B,0.8817 ± 0.017,0.8738 ± 0.012,0.8784 ± 0.01,0.8769 ± 0.01,0.78 ± 0.032,0.8725 ± 0.01,0.7954 ± 0.024,0.8306 ± 0.021,0.7318 ± 0.03,0.8684 ± 0.0099
completion_C,0.8508 ± 0.053,0.8308 ± 0.051,0.845 ± 0.052,0.837 ± 0.063,0.7124 ± 0.079,0.8518 ± 0.053,0.7755 ± 0.044,0.7762 ± 0.072,0.5742 ± 0.042,0.8447 ± 0.052
completion_rate,0.8897 ± 0.013,0.8795 ± 0.015,0.8857 ± 0.015,0.8822 ± 0.019,0.7948 ± 0.029,0.8853 ± 0.018,0.8215 ± 0.011,0.8457 ± 0.03,0.7245 ± 0.019,0.8815 ± 0.017
cross_zone_share,0.1628 ± 0.0099,0.1451 ± 0.0049,0.1538 ± 0.0062,0.1589 ± 0.011,0.1363 ± 0.006,0.469 ± 0.018,0,0.8566 ± 0.0044,0.1116 ± 0.004,0.1645 ± 0.011
degradations,502.2 ± 93,589.2 ± 79,475.4 ± 62,477.8 ± 61,0,485.2 ± 38,444 ± 61,0,0,508.4 ± 51
degrade_mean_level,0.5354 ± 0.015,0.6065 ± 0.0047,0.5433 ± 0.012,0.54 ± 0.0076,n/a,0.5533 ± 0.011,0.5236 ± 0.0078,n/a,n/a,0.6084 ± 0.0041
degrade_per_100req,8.37 ± 1.5,9.82 ± 1.3,7.923 ± 1,7.963 ± 1,0,8.087 ± 0.63,7.4 ± 1,0,0,8.473 ± 0.85
energy_kwh_alloc_share,74.7 ± 11,75.35 ± 11,74.67 ± 11,73.69 ± 12,72.84 ± 10,75.22 ± 11,66.19 ± 9.8,82.12 ± 12,67.72 ± 11,74.47 ± 11
escalation_rate,0.4058 ± 0.041,0.3991 ± 0.04,0.4038 ± 0.033,0.4094 ± 0.037,0.3065 ± 0.03,1,0.2782 ± 0.03,0.8776 ± 0.006,0.3507 ± 0.02,0.4159 ± 0.039
escalation_success,0.784 ± 0.017,0.7606 ± 0.027,0.78 ± 0.027,0.7728 ± 0.036,0.3596 ± 0.053,0.9084 ± 0.021,0.5147 ± 0.039,0.8334 ± 0.037,0.2332 ± 0.023,0.782 ± 0.025
fail_node_loss,42.2 ± 63,43.4 ± 65,40.6 ± 60,42.8 ± 64,48.8 ± 70,40.4 ± 59,40.8 ± 61,47.8 ± 72,38.4 ± 60,42.4 ± 67
fail_preempt_unmigrated,92.2 ± 25,104.4 ± 26,109.8 ± 24,101.8 ± 24,0,98.2 ± 20,221.6 ± 37,0,0,122.6 ± 35
fail_rate_after_accept,0.02453 ± 0.0093,0.0272 ± 0.011,0.0275 ± 0.0083,0.02654 ± 0.0079,0.009956 ± 0.014,0.02537 ± 0.011,0.05052 ± 0.005,0.009213 ± 0.014,0.008641 ± 0.013,0.03024 ± 0.0087
failure_recovery_rate,0.7773 ± 0.22,0.7685 ± 0.26,0.7742 ± 0.24,0.7679 ± 0.23,0.7035 ± 0.29,0.7627 ± 0.2,0.7213 ± 0.26,0.7466 ± 0.11,0.7306 ± 0.3,0.7742 ± 0.26
fresh_calls_per_req,0.1374 ± 0.016,0.4182 ± 0.033,0.3575 ± 0.011,0.1992 ± 0.012,0.03817 ± 0.0014,0.1614 ± 0.01,0.0883 ± 0.0068,0,0,0.6884 ± 0.039
fresh_tokens_per_req,135.7 ± 20,316.1 ± 26,249.1 ± 15,165.7 ± 15,19.58 ± 0.73,158.2 ± 13,58.59 ± 5.8,0,0,482.6 ± 34
interrupted_but_completed,553.2 ± 48,458.4 ± 50,549.8 ± 39,554 ± 44,61.8 ± 40,683.6 ± 69,226 ± 44,105.2 ± 1.4e+02,50.6 ± 32,504.2 ± 27
interrupted_services,687.6 ± 93,606.2 ± 98,700.2 ± 78,698.6 ± 84,110.6 ± 1e+02,822.2 ± 1.3e+02,488.4 ± 53,153 ± 2.1e+02,89 ± 84,669.2 ± 72
inv_per_req_first_quarter,0.06096 ± 0.0081,0.08384 ± 0.011,1.009 ± 0.0042,0.2155 ± 0.015,0.05179 ± 0.0051,0.06562 ± 0.007,0.06564 ± 0.0093,0,0,1.035 ± 0.012
inv_per_req_last_quarter,0.1454 ± 0.022,0.5024 ± 0.045,1.108 ± 0.019,0.2563 ± 0.022,0.03199 ± 0.0053,0.1793 ± 0.018,0.07587 ± 0.012,0,0,1.516 ± 0.044
inv_per_req_slope_per_bin,0.005085 ± 0.0013,0.0232 ± 0.0037,0.005606 ± 0.0015,0.003593 ± 0.002,-0.0008621 ± 0.00041,0.006645 ± 0.0011,0.0003736 ± 0.0011,0,0,0.02697 ± 0.005
invocations_per_req,0.1389 ± 0.016,0.4266 ± 0.032,1.098 ± 0.012,0.2599 ± 0.013,0.03963 ± 0.0015,0.1626 ± 0.01,0.08977 ± 0.0069,0,0,1.429 ± 0.038
lat_cache_vs_slm_translation_a_mean,7.297 ± 0.044,7.311 ± 0.0097,n/a,7.28 ± 0.019,7.309 ± 0.032,7.287 ± 0.022,7.311 ± 0.014,n/a,n/a,n/a
lat_cache_vs_slm_translation_a_p95,9.752 ± 0.099,9.792 ± 0.013,n/a,9.778 ± 0.0051,9.788 ± 0.0033,9.775 ± 0.053,9.801 ± 0.01,n/a,n/a,n/a
lat_cache_vs_slm_translation_b_mean,303.2 ± 1.8,304.2 ± 2.6,295.4 ± 0.32,302.9 ± 0.51,301.7 ± 0.56,302 ± 3.1,303.2 ± 1.9,n/a,n/a,295.4 ± 0.36
lat_cache_vs_slm_translation_b_p95,330.9 ± 1.8,332.1 ± 6.1,325.4 ± 0.19,333.4 ± 1.9,330.9 ± 6.1,330.6 ± 4.2,334.3 ± 2.6,n/a,n/a,325.4 ± 0.2
lat_cross_zone_mean,0.9075 ± 0.058,0.7168 ± 0.028,0.8609 ± 0.038,0.8868 ± 0.058,0.7644 ± 0.033,2.57 ± 0.093,0,4.747 ± 0.047,0.5762 ± 0.02,0.9018 ± 0.065
lat_decision_mean,44.99 ± 7.3,185.5 ± 18,45.33 ± 5.9,44.3 ± 6.9,0.03108 ± 0.0057,56.49 ± 6.1,28.58 ± 4.1,0.0748 ± 0.029,0.01518 ± 0.00033,144.6 ± 17
lat_escalation_mean,23.33 ± 2.6,21.71 ± 2.1,23 ± 1.8,23.27 ± 1.8,8.559 ± 0.34,61.86 ± 0.8,12.41 ± 1.9,0,6.852 ± 0.22,14.85 ± 1.9
lat_memory_vs_llm_decision_a_mean,0.1059 ± 0.0082,n/a,0.1983 ± 0.044,0.1395 ± 0.0043,0.1124 ± 0.025,0.2242 ± 0.021,0.1283 ± 0.01,n/a,n/a,n/a
lat_memory_vs_llm_decision_a_p95,0.2608 ± 0.014,n/a,0.4584 ± 0.096,0.3386 ± 0.0081,0.2818 ± 0.068,0.6064 ± 0.078,0.2351 ± 0.019,n/a,n/a,n/a
lat_memory_vs_llm_decision_b_mean,557.1 ± 4.2,556.6 ± 1.3,555.6 ± 2.9,555.7 ± 3.1,n/a,557 ± 3.2,558.8 ± 5.2,n/a,n/a,556.7 ± 1.7
lat_memory_vs_llm_decision_b_p95,656 ± 7.7,653.5 ± 2.4,653.5 ± 2.4,655.7 ± 8.7,n/a,653.3 ± 3,655.2 ± 8.9,n/a,n/a,654.3 ± 2.6
lat_setup_mean,83.02 ± 9.9,221.8 ± 20,365.7 ± 8,115.3 ± 9.3,23.5 ± 0.38,134.7 ± 6.4,54.74 ± 5.8,5.822 ± 0.071,15.74 ± 0.24,456.7 ± 19
lat_setup_p50,8.771 ± 0.21,8.688 ± 0.2,312.3 ± 2.4,9.569 ± 0.79,8.1 ± 0.012,73.91 ± 2.4,8.124 ± 0.019,6.265 ± 0.0038,8.051 ± 0.022,312.7 ± 2.3
lat_setup_p95,616.3 ± 14,699.8 ± 6.9,903 ± 14,624.1 ± 21,83.12 ± 2.3,630.1 ± 9.9,482.1 ± 1.4e+02,8.399 ± 0.11,76.6 ± 1.2,954.3 ± 9
lat_translation_mean,12.78 ± 0.14,12.86 ± 0.24,295.5 ± 0.4,45.81 ± 0.68,13.15 ± 0.23,12.75 ± 0.27,12.75 ± 0.26,0,7.298 ± 0.046,295.4 ± 0.41
lat_transport_in_mean,1,1,1,1,1,1,1,1,1,1
lat_zone_vs_cross_zone_a_mean,62.99 ± 7.9,151.3 ± 22,347.5 ± 5.7,93.96 ± 6,13.86 ± 0.29,150.6 ± 6.9,54.74 ± 5.8,1.064 ± 0.001,8.312 ± 0.048,439 ± 19
lat_zone_vs_cross_zone_a_p95,584.9 ± 34,660.8 ± 10,880.2 ± 14,594.3 ± 35,10.93 ± 0.014,648.5 ± 8.8,482.1 ± 1.4e+02,1.085 ± 0.0028,10.75 ± 0.12,952.1 ± 9.2
lat_zone_vs_cross_zone_b_mean,185.9 ± 18,637.8 ± 2.5,465.9 ± 22,227.8 ± 24,84.59 ± 1.8,116.6 ± 7.9,n/a,6.619 ± 0.087,74.89 ± 0.84,547.4 ± 20
lat_zone_vs_cross_zone_b_p95,657.2 ± 10,748.3 ± 6.9,949.4 ± 12,690.9 ± 36,91.23 ± 1.2,559.1 ± 1.2e+02,n/a,8.501 ± 0.14,87.16 ± 0.58,965.9 ± 16
llm_invocations_per_req,0.0999 ± 0.015,0.3876 ± 0.032,0.0978 ± 0.012,0.09747 ± 0.011,0.0006333 ± 9.3e-05,0.1224 ± 0.011,0.05077 ± 0.0064,0,0,0.2525 ± 0.029
llm_per_escalation,0.2265 ± 0.016,0.8813 ± 0.028,0.2233 ± 0.015,0.2187 ± 0.017,0,0.1218 ± 0.011,0.1616 ± 0.0079,0,0,0.5797 ± 0.019
llm_per_escalation_busy_first_half,0.2523 ± 0.023,0.9336 ± 0.063,0.2546 ± 0.017,0.2434 ± 0.025,0,0.06896 ± 0.023,0.1911 ± 0.011,0,0,0.5876 ± 0.045
llm_per_escalation_busy_second_half,0.2067 ± 0.019,0.846 ± 0.034,0.1975 ± 0.01,0.1991 ± 0.011,0,0.1601 ± 0.0089,0.1248 ± 0.017,0,0,0.6028 ± 0.014
llm_per_escalation_first_quarter,0.2597 ± 0.18,0.5529 ± 0.041,0.2452 ± 0.19,0.2447 ± 0.19,0,0.01017 ± 0.0048,0.3257 ± 0.2,0,0,0.3583 ± 0.22
llm_per_escalation_last_quarter,0.2006 ± 0.025,0.8492 ± 0.044,0.1947 ± 0.014,0.1915 ± 0.03,0,0.1459 ± 0.016,0.1153 ± 0.017,0,0,0.5984 ± 0.038
llm_per_escalation_slope_per_bin,-0.004584 ± 0.0044,-0.006909 ± 0.0098,-0.005801 ± 0.0039,-0.005495 ± 0.0057,0,0.007556 ± 0.00098,-0.01102 ± 0.0043,0,0,0.009427 ± 0.0097
llm_per_req_first_quarter,0.009165 ± 0.0042,0.03205 ± 0.014,0.008647 ± 0.0042,0.00916 ± 0.004,0,0.01017 ± 0.0048,0.01385 ± 0.0067,0,0,0.01597 ± 0.0067
llm_per_req_last_quarter,0.1134 ± 0.02,0.4704 ± 0.042,0.1085 ± 0.019,0.1086 ± 0.018,0,0.1459 ± 0.016,0.04388 ± 0.0086,0,0,0.3299 ± 0.038
llm_stage_rate,0.07367 ± 0.011,0.3013 ± 0.025,0.07413 ± 0.0088,0.07207 ± 0.0098,0,0.09227 ± 0.0082,0.04423 ± 0.0059,0,0,0.325 ± 0.025
locality_violation_rate,0.005628 ± 0.0014,0.006194 ± 0.00091,0.004618 ± 0.0015,0.005572 ± 0.0021,0.002672 ± 0.0012,0.01489 ± 0.0046,0,0.3712 ± 0.013,0.0003613 ± 0.00024,0.005435 ± 0.0021
memory_share_of_escalations,0.5669 ± 0.026,0,0.5605 ± 0.025,0.5616 ± 0.039,0.3096 ± 0.065,0.7725 ± 0.028,0.3561 ± 0.033,0,0,0
n_requests,6000,6000,6000,6000,6000,6000,6000,6000,6000,6000
new_type_acceptance,0.9283 ± 0.044,0.9315 ± 0.031,0.9566 ± 0.016,0.9436 ± 0.026,0.7702 ± 0.068,0.9232 ± 0.047,0.9135 ± 0.036,0.857 ± 0.057,0.1394 ± 0.022,0.9617 ± 0.019
new_type_requests,355.4 ± 16,355.4 ± 16,355.4 ± 16,355.4 ± 16,355.4 ± 16,355.4 ± 16,355.4 ± 16,355.4 ± 16,355.4 ± 16,355.4 ± 16
new_type_type_acc,0.3448 ± 0.083,0.3448 ± 0.083,0.5417 ± 0.036,0.3897 ± 0.062,0.3448 ± 0.083,0.3084 ± 0.089,0.3448 ± 0.083,1,0,0.5417 ± 0.036
node_failures,13 ± 8.4,13 ± 8.4,13 ± 8.4,13 ± 8.4,13 ± 8.4,13 ± 8.4,13 ± 8.4,13 ± 8.4,13 ± 8.4,13 ± 8.4
path_digest_share,0.01477 ± 0.0023,0.002133 ± 0.00079,0.01453 ± 0.0024,0.01453 ± 0.0035,0.0155 ± 0.0051,0.04427 ± 0.003,n/a,0.7313 ± 0.029,0.08157 ± 0.0041,n/a
path_episodic_share,0.2272 ± 0.016,n/a,0.2232 ± 0.01,0.2267 ± 0.0074,0.0919 ± 0.011,0.7685 ± 0.028,0.0993 ± 0.017,n/a,n/a,n/a
path_llm_degraded_share,0.04247 ± 0.0063,0.0982 ± 0.013,0.04153 ± 0.0066,0.04097 ± 0.0071,n/a,0.05023 ± 0.0048,0.02297 ± 0.0027,n/a,n/a,0.08473 ± 0.0085
path_llm_share,0.0002333 ± 0.00011,0.09197 ± 0.008,0.0002083 ± 0.00013,0.0003333,n/a,0.0008667 ± 0.0004,n/a,n/a,n/a,0.1149 ± 0.01
path_local_share,0.5942 ± 0.041,0.6009 ± 0.04,0.5962 ± 0.033,0.5906 ± 0.037,0.6935 ± 0.03,n/a,0.7218 ± 0.03,0.1224 ± 0.006,0.6493 ± 0.02,0.5841 ± 0.039
path_preempt_local_share,0.03083 ± 0.0058,0.1109 ± 0.018,0.03243 ± 0.0034,0.03093 ± 0.0039,n/a,0.0406 ± 0.0068,0.0212 ± 0.0033,n/a,n/a,0.1253 ± 0.016
path_preempt_share,n/a,0.0001667,n/a,n/a,n/a,n/a,n/a,n/a,n/a,n/a
path_procedural_share,0.002367 ± 0.0017,n/a,0.002733 ± 0.0011,0.0025 ± 0.00072,0.002033 ± 0.00096,0.003933 ± 0.0014,n/a,n/a,n/a,n/a
path_unresolved_share,0.08793 ± 0.014,0.0959 ± 0.017,0.0892 ± 0.016,0.09367 ± 0.022,0.1971 ± 0.034,0.09157 ± 0.021,0.1347 ± 0.014,0.1463 ± 0.033,0.2691 ± 0.023,0.09103 ± 0.017
placement_share_cv,0.6878 ± 0.031,0.7068 ± 0.02,0.6934 ± 0.04,0.6906 ± 0.033,0.7081 ± 0.023,0.8278 ± 0.061,0.6824 ± 0.014,0.8606 ± 0.067,0.7034 ± 0.018,0.6997 ± 0.02
preempt_per_100req,13.93 ± 1.9,11.75 ± 1.8,14.3 ± 1.7,14.1 ± 1.2,0,19.23 ± 1.8,7.277 ± 1.1,0,0,13.36 ± 1.5
preempt_victim_migrated_rate,0.6247 ± 0.032,0.6124 ± 0.018,0.6039 ± 0.037,0.611 ± 0.024,n/a,0.5706 ± 0.028,0.4286 ± 0.027,n/a,n/a,0.593 ± 0.044
preempt_victims_lost,92.2 ± 25,104.4 ± 26,109.8 ± 24,101.8 ± 24,0,98.2 ± 20,221.6 ± 37,0,0,122.6 ± 35
preempt_victims_migrated,520.4 ± 45,431 ± 56,516.8 ± 47,516.2 ± 28,0,657.6 ± 53,187.4 ± 35,0,0,473.4 ± 23
preemptions,836 ± 1.1e+02,705.2 ± 1.1e+02,858 ± 1e+02,846.2 ± 72,0,1154 ± 1.1e+02,436.6 ± 68,0,0,801.6 ± 90
rejection_rate,0.08793 ± 0.014,0.0959 ± 0.017,0.0892 ± 0.016,0.09367 ± 0.022,0.1971 ± 0.034,0.09157 ± 0.021,0.1347 ± 0.014,0.1463 ± 0.033,0.2691 ± 0.023,0.09103 ± 0.017
replans_after_failure,81.4 ± 68,76 ± 62,75.6 ± 58,79 ± 63,63.2 ± 42,76 ± 74,61.2 ± 42,109.8 ± 1.5e+02,54.2 ± 36,79.2 ± 59
shadow_checks,125.4 ± 11,125.4 ± 11,0,198 ± 22,125.4 ± 11,132.6 ± 14,125.4 ± 11,0,0,0
shadow_disagree_rate,0.1924 ± 0.016,0.1907 ± 0.017,n/a,0.1639 ± 0.04,0.1907 ± 0.017,0.2399 ± 0.036,0.1907 ± 0.017,n/a,n/a,n/a
slm_invocations_per_req,0.039 ± 0.0015,0.039 ± 0.0015,1,0.1624 ± 0.003,0.039 ± 0.0015,0.04017 ± 0.0024,0.039 ± 0.0015,0,0,1.177 ± 0.018
tokens_llm_in_per_req,112.7 ± 19,289 ± 24,108 ± 16,109.1 ± 14,0,133.7 ± 13,37.36 ± 5.4,0,0,261.8 ± 31
tokens_llm_out_per_req,3.444 ± 0.51,12.55 ± 1.1,3.366 ± 0.39,3.35 ± 0.35,0,4.208 ± 0.37,1.687 ± 0.23,0,0,8.964 ± 0.99
tokens_nonrequest_total,576.6 ± 1.3e+02,0,702 ± 2.1e+02,639.8 ± 1.7e+02,542.2 ± 84,528.6 ± 1.7e+02,302.8 ± 1.9e+02,0,0,0
tokens_per_req_all,136.5 ± 19,321.8 ± 26,634.4 ± 16,197.3 ± 15,20.34 ± 0.76,158.8 ± 13,59.35 ± 5.9,0,0,868.1 ± 34
tokens_slm_in_per_req,18.73 ± 0.7,18.73 ± 0.7,483.5 ± 0.14,78.35 ± 1.4,18.73 ± 0.7,19.27 ± 1.2,18.73 ± 0.7,0,0,556.7 ± 7.3
tokens_slm_out_per_req,1.521 ± 0.059,1.522 ± 0.059,39.34 ± 0.074,6.323 ± 0.12,1.522 ± 0.059,1.563 ± 0.097,1.522 ± 0.059,0,0,40.62 ± 0.14
tokens_total,8.189e+05 ± 1.2e+05,1.931e+06 ± 1.5e+05,3.806e+06 ± 9.5e+04,1.184e+06 ± 9.2e+04,1.221e+05 ± 4.5e+03,9.53e+05 ± 7.8e+04,3.561e+05 ± 3.5e+04,0,0,5.208e+06 ± 2.1e+05
translation_full_acc,0.6623 ± 0.031,0.6685 ± 0.018,0.6693 ± 0.0079,0.6485 ± 0.021,0.6685 ± 0.018,0.6531 ± 0.019,0.6685 ± 0.018,1,0.9845 ± 0.0022,0.6677 ± 0.0039
translation_service_type_acc,0.8891 ± 0.016,0.8953 ± 0.0097,0.8991 ± 0.0039,0.8836 ± 0.012,0.8953 ± 0.0097,0.8774 ± 0.015,0.8953 ± 0.0097,1,0.8396 ± 0.0042,0.8984 ± 0.0067
util_var_nodes_mean,0.03447 ± 0.0023,0.03615 ± 0.004,0.03579 ± 0.0026,0.03512 ± 0.0033,0.0388 ± 0.0051,0.03992 ± 0.0028,0.0389 ± 0.0028,0.02401 ± 0.0026,0.04307 ± 0.0041,0.03674 ± 0.0014
util_var_zones_mean,0.01561 ± 0.0036,0.01598 ± 0.0031,0.01567 ± 0.003,0.0162 ± 0.0025,0.01492 ± 0.0022,0.01819 ± 0.0014,0.01781 ± 0.0022,0.01456 ± 0.0026,0.01592 ± 0.0031,0.01542 ± 0.0041
