system,bin,hour,requests,invocations_per_request,slm_per_request,llm_per_request,cache_hit_rate,escalation_rate,llm_stage_rate,acceptance_rate,slm_fresh,slm_cached_disk,llm_fresh,llm_cached_disk
full,0,0.0,161.0,0.1201,0.1177,0.0024,0.9192,0.0013,0.0,0.9987,18.8,0.2,0.4,0.0
full,1,1.0,133.0,0.0471,0.0334,0.0138,1.0,0.0215,0.0122,0.9939,4.2,0.2,1.8,0.0
full,2,2.0,120.4,0.0434,0.032,0.0114,1.0,0.0417,0.0114,0.9713,3.4,0.4,1.4,0.0
full,3,3.0,114.4,0.0589,0.0486,0.0103,0.9685,0.0522,0.0103,0.9682,5.6,0.0,1.2,0.0
full,4,4.0,107.6,0.035,0.0314,0.0036,0.9965,0.0308,0.0,0.9809,3.2,0.2,0.4,0.0
full,5,5.0,128.8,0.0434,0.0267,0.0166,0.9969,0.0535,0.0122,0.98,2.8,0.6,1.8,0.0
full,6,6.0,214.2,0.0467,0.029,0.0177,0.9916,0.0668,0.0084,0.9787,5.6,0.6,3.4,0.0
full,7,7.0,272.4,0.0713,0.0433,0.028,0.9817,0.1027,0.0125,0.972,11.4,0.4,6.0,0.0
full,8,8.0,303.8,0.0681,0.0383,0.0298,0.9816,0.1354,0.0125,0.9649,11.2,0.4,8.8,0.0
full,9,9.0,319.0,0.1132,0.0294,0.0838,0.9906,0.2317,0.0459,0.9706,8.8,0.6,26.4,0.0
full,10,10.0,315.8,0.1214,0.0271,0.0943,0.9924,0.3151,0.0608,0.9549,8.2,0.4,29.8,0.0
full,11,11.0,331.4,0.2118,0.0424,0.1693,0.9781,0.4959,0.1287,0.926,13.2,0.8,56.0,0.0
full,12,12.0,337.8,0.2183,0.0681,0.1502,0.9467,0.5538,0.1178,0.8919,22.8,0.2,50.8,0.0
full,13,13.0,324.8,0.188,0.0301,0.1579,0.9883,0.5791,0.1131,0.8904,9.6,0.2,51.4,0.0
full,14,14.0,318.4,0.1797,0.0352,0.1445,0.9817,0.5983,0.11,0.8784,10.6,0.6,46.0,0.0
full,15,15.0,332.8,0.1881,0.0439,0.1442,0.9814,0.6259,0.1075,0.8458,14.0,0.6,48.0,0.0
full,16,16.0,320.4,0.1722,0.0461,0.1261,0.9782,0.601,0.1005,0.8463,14.4,0.4,41.2,0.0
full,17,17.0,310.4,0.1844,0.0336,0.1507,0.9819,0.5964,0.112,0.8452,10.4,0.0,46.8,0.0
full,18,18.0,295.4,0.1469,0.0326,0.1143,0.9845,0.5871,0.0891,0.867,9.4,0.2,34.2,0.0
full,19,19.0,295.2,0.1603,0.0265,0.1338,0.9934,0.5773,0.104,0.8597,7.6,0.2,39.6,0.0
full,20,20.0,268.2,0.1738,0.035,0.1388,0.9821,0.5845,0.1028,0.8768,9.0,0.4,37.2,0.0
full,21,21.0,260.6,0.127,0.0305,0.0965,0.9887,0.5265,0.075,0.8763,7.4,0.6,25.2,0.0
full,22,22.0,224.4,0.142,0.0368,0.1053,0.9855,0.4958,0.0857,0.8925,8.0,0.2,23.6,0.0
full,23,23.0,189.8,0.1051,0.0316,0.0735,0.9883,0.4405,0.0589,0.9241,5.6,0.4,14.0,0.0
no_memory,0,0.0,161.0,0.125,0.1177,0.0073,0.9192,0.0013,0.0,0.9987,18.8,0.2,1.2,0.0
no_memory,1,1.0,133.0,0.058,0.0334,0.0246,1.0,0.026,0.0184,0.9925,4.2,0.2,3.2,0.0
no_memory,2,2.0,120.4,0.0553,0.032,0.0232,1.0,0.0432,0.0161,0.9729,3.4,0.4,2.8,0.0
no_memory,3,3.0,114.4,0.09,0.0486,0.0413,0.9685,0.0592,0.0313,0.972,5.6,0.0,4.6,0.2
no_memory,4,4.0,107.6,0.0707,0.0314,0.0393,0.9965,0.0327,0.0136,0.9809,3.2,0.2,4.2,0.0
no_memory,5,5.0,128.8,0.0912,0.0267,0.0644,0.9969,0.0611,0.0396,0.9785,2.8,0.6,8.4,0.0
no_memory,6,6.0,214.2,0.1045,0.029,0.0755,0.9916,0.0661,0.0457,0.9796,5.6,0.6,16.2,0.0
no_memory,7,7.0,272.4,0.1688,0.0433,0.1255,0.9817,0.0985,0.0727,0.9743,11.4,0.4,34.0,0.0
no_memory,8,8.0,303.8,0.2223,0.0383,0.184,0.9816,0.1275,0.0936,0.9661,11.2,0.4,55.8,1.0
no_memory,9,9.0,319.0,0.3434,0.0294,0.314,0.9906,0.2175,0.1846,0.9677,8.8,0.6,97.6,3.8
no_memory,10,10.0,315.8,0.4557,0.0271,0.4286,0.9924,0.3352,0.2902,0.955,8.2,0.4,133.0,2.4
no_memory,11,11.0,331.4,0.5586,0.0424,0.5162,0.9781,0.4661,0.3881,0.9233,13.2,0.8,168.4,2.4
no_memory,12,12.0,337.8,0.6176,0.0681,0.5495,0.9467,0.5426,0.4305,0.8891,22.8,0.2,183.6,2.0
no_memory,13,13.0,324.8,0.6257,0.0301,0.5955,0.9883,0.5674,0.4511,0.8849,9.6,0.2,190.4,3.4
no_memory,14,14.0,318.4,0.5906,0.0352,0.5554,0.9817,0.5882,0.4424,0.8586,10.6,0.6,173.4,3.4
no_memory,15,15.0,332.8,0.58,0.0439,0.5361,0.9814,0.6024,0.4341,0.8348,14.0,0.6,175.0,3.0
no_memory,16,16.0,320.4,0.5558,0.0461,0.5097,0.9782,0.6049,0.4292,0.8269,14.4,0.4,161.2,2.6
no_memory,17,17.0,310.4,0.572,0.0336,0.5384,0.9819,0.6109,0.4338,0.8261,10.4,0.0,163.8,3.8
no_memory,18,18.0,295.4,0.5253,0.0326,0.4927,0.9845,0.57,0.4089,0.8422,9.4,0.2,142.6,2.8
no_memory,19,19.0,295.2,0.5345,0.0265,0.508,0.9934,0.5882,0.4133,0.8276,7.6,0.2,146.6,3.2
no_memory,20,20.0,268.2,0.5601,0.035,0.5251,0.9821,0.5778,0.4403,0.8671,9.0,0.4,138.2,2.6
no_memory,21,21.0,260.6,0.4785,0.0305,0.448,0.9887,0.501,0.3728,0.8764,7.4,0.6,115.2,1.6
no_memory,22,22.0,224.4,0.471,0.0368,0.4342,0.9855,0.4768,0.3751,0.9002,8.0,0.2,95.2,2.0
no_memory,23,23.0,189.8,0.4013,0.0316,0.3697,0.9883,0.4291,0.3286,0.9056,5.6,0.4,69.4,1.4
no_intent_cache,0,0.0,161.0,1.0013,1.0,0.0013,0.0,0.0013,0.0,0.9987,98.2,62.8,0.2,0.0
no_intent_cache,1,1.0,133.0,1.0122,1.0,0.0122,0.0,0.0215,0.0122,0.9939,32.2,100.8,1.6,0.0
no_intent_cache,2,2.0,120.4,1.0114,1.0,0.0114,0.0,0.0417,0.0114,0.9728,13.8,106.6,1.4,0.0
no_intent_cache,3,3.0,114.4,1.014,1.0,0.014,0.0,0.054,0.0103,0.9682,19.8,94.6,1.6,0.0
no_intent_cache,4,4.0,107.6,1.0,1.0,0.0,0.0,0.0308,0.0,0.9809,14.0,93.6,0.0,0.0
no_intent_cache,5,5.0,128.8,1.0167,1.0,0.0167,0.0,0.0597,0.0107,0.977,9.4,119.4,1.8,0.0
no_intent_cache,6,6.0,214.2,1.0167,1.0,0.0167,0.0,0.0752,0.0093,0.974,17.4,196.8,2.6,0.0
no_intent_cache,7,7.0,272.4,1.025,1.0,0.025,0.0,0.1042,0.0125,0.9669,38.6,233.8,5.4,0.0
no_intent_cache,8,8.0,303.8,1.0306,1.0,0.0306,0.0,0.1212,0.0104,0.9655,51.2,252.6,9.2,0.0
no_intent_cache,9,9.0,319.0,1.0827,1.0,0.0827,0.0,0.24,0.0531,0.9684,52.2,266.8,25.8,0.0
no_intent_cache,10,10.0,315.8,1.1048,1.0,0.1048,0.0,0.3142,0.0744,0.9581,45.8,270.0,33.0,0.0
no_intent_cache,11,11.0,331.4,1.1621,1.0,0.1621,0.0,0.476,0.1212,0.921,67.0,264.4,53.4,0.0
no_intent_cache,12,12.0,337.8,1.1694,1.0,0.1694,0.0,0.5592,0.1309,0.8858,77.8,260.0,57.2,0.0
no_intent_cache,13,13.0,324.8,1.1563,1.0,0.1563,0.0,0.5685,0.1187,0.8988,47.2,277.6,50.6,0.0
no_intent_cache,14,14.0,318.4,1.1404,1.0,0.1404,0.0,0.5717,0.1109,0.8734,162.4,156.0,44.4,0.0
no_intent_cache,15,15.0,332.8,1.1263,1.0,0.1263,0.0,0.6072,0.0993,0.855,179.2,153.6,42.0,0.0
no_intent_cache,16,16.0,320.4,1.1362,1.0,0.1362,0.0,0.6372,0.1111,0.8386,131.2,189.2,44.2,0.0
no_intent_cache,17,17.0,310.4,1.1333,1.0,0.1333,0.0,0.6128,0.096,0.8508,108.4,202.0,41.4,0.0
no_intent_cache,18,18.0,295.4,1.1122,1.0,0.1122,0.0,0.5896,0.0858,0.8456,90.8,204.6,33.4,0.0
no_intent_cache,19,19.0,295.2,1.1307,1.0,0.1307,0.0,0.5811,0.1042,0.8491,81.4,213.8,38.6,0.0
no_intent_cache,20,20.0,268.2,1.1116,1.0,0.1116,0.0,0.5678,0.094,0.8761,70.8,197.4,30.0,0.0
no_intent_cache,21,21.0,260.6,1.114,1.0,0.114,0.0,0.5114,0.0887,0.8935,65.6,195.0,29.6,0.0
no_intent_cache,22,22.0,224.4,1.0717,1.0,0.0717,0.0,0.4803,0.0595,0.8985,49.0,175.4,16.4,0.0
no_intent_cache,23,23.0,189.8,1.0943,1.0,0.0943,0.0,0.4665,0.0769,0.918,34.8,155.0,18.2,0.0
no_cache_sharing,0,0.0,161.0,0.4528,0.4515,0.0013,0.5724,0.0013,0.0,0.9987,57.6,14.8,0.2,0.0
no_cache_sharing,1,1.0,133.0,0.1977,0.1839,0.0138,0.8616,0.0199,0.0122,0.9939,14.4,10.0,1.8,0.0
no_cache_sharing,2,2.0,120.4,0.136,0.1231,0.013,0.9166,0.0432,0.013,0.9744,8.0,7.0,1.6,0.0
no_cache_sharing,3,3.0,114.4,0.1571,0.143,0.0141,0.8879,0.0613,0.0103,0.9702,11.8,4.4,1.4,0.0
no_cache_sharing,4,4.0,107.6,0.1417,0.1381,0.0036,0.8969,0.0327,0.0,0.9828,9.4,5.6,0.2,0.0
no_cache_sharing,5,5.0,128.8,0.1298,0.1147,0.0152,0.9293,0.0597,0.0107,0.977,8.2,6.6,1.8,0.0
no_cache_sharing,6,6.0,214.2,0.1418,0.1251,0.0167,0.9114,0.0743,0.0093,0.974,16.6,10.2,2.8,0.0
no_cache_sharing,7,7.0,272.4,0.1488,0.126,0.0228,0.9131,0.0998,0.0118,0.9677,21.0,13.2,4.6,0.0
no_cache_sharing,8,8.0,303.8,0.1697,0.1373,0.0324,0.9127,0.1231,0.0085,0.9662,26.8,15.0,9.4,0.0
no_cache_sharing,9,9.0,319.0,0.2111,0.1247,0.0865,0.9106,0.233,0.0556,0.9696,29.4,10.2,27.6,0.0
no_cache_sharing,10,10.0,315.8,0.2214,0.1193,0.1021,0.9168,0.3267,0.0672,0.9551,23.8,13.8,32.2,0.0
no_cache_sharing,11,11.0,331.4,0.3046,0.1301,0.1745,0.9024,0.5036,0.1226,0.9245,31.8,11.0,57.8,0.0
no_cache_sharing,12,12.0,337.8,0.3962,0.2464,0.1498,0.7761,0.5802,0.1125,0.8816,43.0,40.2,50.6,0.0
no_cache_sharing,13,13.0,324.8,0.321,0.1701,0.1509,0.8543,0.5972,0.1138,0.8868,21.4,34.0,49.0,0.0
no_cache_sharing,14,14.0,318.4,0.3238,0.1873,0.1365,0.8373,0.587,0.0982,0.8715,43.6,16.0,43.4,0.0
no_cache_sharing,15,15.0,332.8,0.3281,0.1954,0.1327,0.8411,0.6188,0.1074,0.8473,49.6,15.4,44.2,0.0
no_cache_sharing,16,16.0,320.4,0.302,0.1752,0.1268,0.8556,0.6001,0.1053,0.8413,35.2,20.6,41.2,0.0
no_cache_sharing,17,17.0,310.4,0.2972,0.1554,0.1418,0.869,0.6137,0.0982,0.8249,27.4,20.8,44.0,0.0
no_cache_sharing,18,18.0,295.4,0.3041,0.1762,0.1279,0.8595,0.5811,0.0981,0.8391,33.8,18.2,38.0,0.0
no_cache_sharing,19,19.0,295.2,0.2697,0.1439,0.1258,0.8895,0.6145,0.0987,0.8265,25.4,17.4,37.2,0.0
no_cache_sharing,20,20.0,268.2,0.275,0.1607,0.1142,0.8714,0.569,0.0905,0.8674,24.2,19.0,30.6,0.0
no_cache_sharing,21,21.0,260.6,0.2492,0.1445,0.1047,0.8931,0.5399,0.0835,0.8902,23.2,14.4,27.4,0.0
no_cache_sharing,22,22.0,224.4,0.208,0.1237,0.0843,0.902,0.472,0.0723,0.9,14.6,13.2,19.4,0.0
no_cache_sharing,23,23.0,189.8,0.1957,0.1218,0.0738,0.9086,0.434,0.0578,0.9146,10.4,12.8,14.0,0.0
no_preempt_degrade,0,0.0,161.0,0.1177,0.1177,0.0,0.9192,0.0013,0.0,0.9987,18.8,0.2,0.0,0.0
no_preempt_degrade,1,1.0,133.0,0.0334,0.0334,0.0,1.0,0.0228,0.0,0.9772,4.2,0.2,0.0,0.0
no_preempt_degrade,2,2.0,120.4,0.032,0.032,0.0,1.0,0.0351,0.0,0.9649,3.4,0.4,0.0,0.0
no_preempt_degrade,3,3.0,114.4,0.0486,0.0486,0.0,0.9685,0.0423,0.0,0.9577,5.6,0.0,0.0,0.0
no_preempt_degrade,4,4.0,107.6,0.0314,0.0314,0.0,0.9965,0.0215,0.0,0.9806,3.2,0.2,0.0,0.0
no_preempt_degrade,5,5.0,128.8,0.0267,0.0267,0.0,0.9969,0.0397,0.0,0.9677,2.8,0.6,0.0,0.0
no_preempt_degrade,6,6.0,214.2,0.0299,0.029,0.0009,0.9916,0.0471,0.0,0.9703,5.6,0.6,0.0,0.0
no_preempt_degrade,7,7.0,272.4,0.0477,0.0433,0.0044,0.9817,0.0821,0.0,0.9603,11.4,0.4,0.0,0.0
no_preempt_degrade,8,8.0,303.8,0.0403,0.0383,0.002,0.9816,0.1149,0.0,0.9517,11.2,0.4,0.0,0.0
no_preempt_degrade,9,9.0,319.0,0.0333,0.0294,0.0039,0.9906,0.202,0.0,0.9043,8.8,0.6,0.0,0.0
no_preempt_degrade,10,10.0,315.8,0.0278,0.0271,0.0006,0.9924,0.2522,0.0,0.8705,8.2,0.4,0.0,0.0
no_preempt_degrade,11,11.0,331.4,0.043,0.0424,0.0006,0.9781,0.3565,0.0,0.7892,13.2,0.8,0.0,0.0
no_preempt_degrade,12,12.0,337.8,0.0681,0.0681,0.0,0.9467,0.4271,0.0,0.716,22.8,0.2,0.0,0.0
no_preempt_degrade,13,13.0,324.8,0.0301,0.0301,0.0,0.9883,0.4528,0.0,0.7138,9.6,0.2,0.0,0.0
no_preempt_degrade,14,14.0,318.4,0.0352,0.0352,0.0,0.9817,0.4327,0.0,0.7348,10.6,0.6,0.0,0.0
no_preempt_degrade,15,15.0,332.8,0.0445,0.0439,0.0006,0.9814,0.4612,0.0,0.6955,14.0,0.6,0.0,0.0
no_preempt_degrade,16,16.0,320.4,0.0461,0.0461,0.0,0.9782,0.4585,0.0,0.6688,14.4,0.4,0.0,0.0
no_preempt_degrade,17,17.0,310.4,0.0336,0.0336,0.0,0.9819,0.457,0.0,0.6933,10.4,0.0,0.0,0.0
no_preempt_degrade,18,18.0,295.4,0.0326,0.0326,0.0,0.9845,0.4247,0.0,0.7152,9.4,0.2,0.0,0.0
no_preempt_degrade,19,19.0,295.2,0.0265,0.0265,0.0,0.9934,0.4438,0.0,0.6997,7.6,0.2,0.0,0.0
no_preempt_degrade,20,20.0,268.2,0.035,0.035,0.0,0.9821,0.4141,0.0,0.7129,9.0,0.4,0.0,0.0
no_preempt_degrade,21,21.0,260.6,0.0305,0.0305,0.0,0.9887,0.3825,0.0,0.7431,7.4,0.6,0.0,0.0
no_preempt_degrade,22,22.0,224.4,0.0368,0.0368,0.0,0.9855,0.3692,0.0,0.7601,8.0,0.2,0.0,0.0
no_preempt_degrade,23,23.0,189.8,0.0316,0.0316,0.0,0.9883,0.3385,0.0,0.7852,5.6,0.4,0.0,0.0
no_zone_tier,0,0.0,161.0,0.1273,0.1134,0.0138,0.9203,1.0,0.0013,0.9975,18.2,0.0,0.2,0.0
no_zone_tier,1,1.0,133.0,0.0438,0.036,0.0077,1.0,1.0,0.0048,0.9835,4.8,0.0,1.0,0.0
no_zone_tier,2,2.0,120.4,0.0494,0.0411,0.0083,1.0,1.0,0.0083,0.9761,4.8,0.2,1.0,0.0
no_zone_tier,3,3.0,114.4,0.0648,0.0488,0.0161,0.9665,1.0,0.0161,0.9653,5.6,0.0,1.8,0.0
no_zone_tier,4,4.0,107.6,0.0497,0.039,0.0107,0.9965,1.0,0.0055,0.9788,4.0,0.2,1.2,0.0
no_zone_tier,5,5.0,128.8,0.0547,0.0351,0.0197,0.9969,1.0,0.0121,0.9768,4.4,0.2,2.6,0.0
no_zone_tier,6,6.0,214.2,0.0485,0.0309,0.0176,0.9916,1.0,0.0103,0.9694,6.0,0.6,3.2,0.0
no_zone_tier,7,7.0,272.4,0.0551,0.0382,0.0169,0.9817,1.0,0.0044,0.9719,9.8,0.6,4.2,0.0
no_zone_tier,8,8.0,303.8,0.0868,0.0342,0.0526,0.9816,1.0,0.026,0.9702,10.4,0.0,16.0,0.0
no_zone_tier,9,9.0,319.0,0.1322,0.0378,0.0944,0.9906,1.0,0.0545,0.9688,11.4,0.6,31.0,0.0
no_zone_tier,10,10.0,315.8,0.1607,0.0329,0.1279,0.9924,1.0,0.0849,0.9512,10.0,0.4,40.2,0.0
no_zone_tier,11,11.0,331.4,0.2626,0.0463,0.2163,0.9787,1.0,0.1672,0.9105,14.4,0.8,71.6,0.0
no_zone_tier,12,12.0,337.8,0.2576,0.067,0.1905,0.9467,1.0,0.1525,0.8813,21.8,0.8,64.4,0.0
no_zone_tier,13,13.0,324.8,0.2023,0.0291,0.1732,0.9883,1.0,0.1301,0.8853,8.8,0.6,56.2,0.0
no_zone_tier,14,14.0,318.4,0.1888,0.0377,0.1511,0.9817,1.0,0.119,0.8665,12.0,0.0,48.0,0.0
no_zone_tier,15,15.0,332.8,0.2112,0.0404,0.1708,0.9814,1.0,0.1314,0.8344,13.4,0.0,56.6,0.0
no_zone_tier,16,16.0,320.4,0.2131,0.0411,0.172,0.9782,1.0,0.1329,0.8279,12.8,0.4,55.4,0.0
no_zone_tier,17,17.0,310.4,0.2065,0.0382,0.1683,0.9819,1.0,0.1286,0.8498,11.6,0.2,52.4,0.0
no_zone_tier,18,18.0,295.4,0.1938,0.031,0.1627,0.9845,1.0,0.1242,0.8568,8.8,0.4,48.2,0.0
no_zone_tier,19,19.0,295.2,0.1817,0.0279,0.1538,0.9934,1.0,0.119,0.8559,8.2,0.0,45.6,0.0
no_zone_tier,20,20.0,268.2,0.2063,0.039,0.1673,0.9821,1.0,0.1451,0.8973,10.0,0.4,45.0,0.0
no_zone_tier,21,21.0,260.6,0.1805,0.0344,0.1461,0.9887,1.0,0.1125,0.9009,8.4,0.6,38.2,0.0
no_zone_tier,22,22.0,224.4,0.1484,0.0313,0.1171,0.9855,1.0,0.0928,0.896,7.0,0.0,26.4,0.0
no_zone_tier,23,23.0,189.8,0.145,0.0394,0.1056,0.9883,1.0,0.087,0.9124,7.2,0.2,20.4,0.0
no_cross_zone,0,0.0,161.0,0.1228,0.1177,0.0051,0.9192,0.0013,0.0,0.9987,18.8,0.2,0.8,0.0
no_cross_zone,1,1.0,133.0,0.0471,0.0334,0.0138,1.0,0.0229,0.0122,0.9909,4.2,0.2,1.8,0.0
no_cross_zone,2,2.0,120.4,0.0434,0.032,0.0114,1.0,0.0417,0.0114,0.9713,3.4,0.4,1.4,0.0
no_cross_zone,3,3.0,114.4,0.0682,0.0486,0.0196,0.9685,0.061,0.0176,0.9567,5.6,0.0,2.2,0.0
no_cross_zone,4,4.0,107.6,0.0448,0.0314,0.0134,0.9965,0.0363,0.006,0.9735,3.2,0.2,1.4,0.0
no_cross_zone,5,5.0,128.8,0.0495,0.0267,0.0227,0.9969,0.061,0.0197,0.9696,2.8,0.6,3.0,0.0
no_cross_zone,6,6.0,214.2,0.058,0.029,0.029,0.9916,0.0679,0.0197,0.9685,5.6,0.6,6.0,0.0
no_cross_zone,7,7.0,272.4,0.0713,0.0433,0.028,0.9817,0.108,0.0228,0.9414,11.4,0.4,6.8,0.0
no_cross_zone,8,8.0,303.8,0.0803,0.0383,0.042,0.9816,0.1363,0.0325,0.9211,11.2,0.4,12.6,0.0
no_cross_zone,9,9.0,319.0,0.1044,0.0294,0.075,0.9906,0.2053,0.0632,0.9121,8.8,0.6,23.8,0.0
no_cross_zone,10,10.0,315.8,0.1036,0.0271,0.0765,0.9924,0.2495,0.0676,0.8922,8.2,0.4,24.0,0.0
no_cross_zone,11,11.0,331.4,0.1126,0.0424,0.0702,0.9781,0.3112,0.0612,0.858,13.2,0.8,23.2,0.0
no_cross_zone,12,12.0,337.8,0.1384,0.0681,0.0703,0.9467,0.3513,0.0626,0.8367,22.8,0.2,23.8,0.0
no_cross_zone,13,13.0,324.8,0.0988,0.0301,0.0686,0.9883,0.3669,0.0527,0.8295,9.6,0.2,22.4,0.0
no_cross_zone,14,14.0,318.4,0.1025,0.0352,0.0673,0.9817,0.3671,0.0579,0.8346,10.6,0.6,21.4,0.0
no_cross_zone,15,15.0,332.8,0.105,0.0439,0.0611,0.9814,0.4067,0.0539,0.789,14.0,0.6,20.4,0.0
no_cross_zone,16,16.0,320.4,0.1137,0.0461,0.0676,0.9782,0.4152,0.0622,0.7956,14.4,0.4,22.0,0.0
no_cross_zone,17,17.0,310.4,0.0927,0.0336,0.0591,0.9819,0.4285,0.0559,0.7901,10.4,0.0,18.4,0.0
no_cross_zone,18,18.0,295.4,0.0849,0.0326,0.0523,0.9845,0.4009,0.0468,0.8022,9.4,0.2,15.6,0.0
no_cross_zone,19,19.0,295.2,0.0786,0.0265,0.0521,0.9934,0.4052,0.0487,0.7885,7.6,0.2,15.2,0.0
no_cross_zone,20,20.0,268.2,0.0728,0.035,0.0377,0.9821,0.3533,0.0339,0.8176,9.0,0.4,10.2,0.0
no_cross_zone,21,21.0,260.6,0.0705,0.0305,0.04,0.9887,0.3262,0.0369,0.8378,7.4,0.6,10.4,0.0
no_cross_zone,22,22.0,224.4,0.0758,0.0368,0.039,0.9855,0.3271,0.039,0.8575,8.0,0.2,8.8,0.0
no_cross_zone,23,23.0,189.8,0.0688,0.0316,0.0372,0.9883,0.3116,0.0353,0.8592,5.6,0.4,7.0,0.0
greedy_oracle,0,0.0,161.0,0.0,0.0,0.0,0.0,0.8391,0.0,1.0,0.0,0.0,0.0,0.0
greedy_oracle,1,1.0,133.0,0.0,0.0,0.0,0.0,0.8424,0.0,1.0,0.0,0.0,0.0,0.0
greedy_oracle,2,2.0,120.4,0.0,0.0,0.0,0.0,0.8618,0.0,1.0,0.0,0.0,0.0,0.0
greedy_oracle,3,3.0,114.4,0.0,0.0,0.0,0.0,0.8412,0.0,1.0,0.0,0.0,0.0,0.0
greedy_oracle,4,4.0,107.6,0.0,0.0,0.0,0.0,0.8404,0.0,1.0,0.0,0.0,0.0,0.0
greedy_oracle,5,5.0,128.8,0.0,0.0,0.0,0.0,0.8548,0.0,1.0,0.0,0.0,0.0,0.0
greedy_oracle,6,6.0,214.2,0.0,0.0,0.0,0.0,0.8731,0.0,0.9991,0.0,0.0,0.0,0.0
greedy_oracle,7,7.0,272.4,0.0,0.0,0.0,0.0,0.8516,0.0,0.9956,0.0,0.0,0.0,0.0
greedy_oracle,8,8.0,303.8,0.0,0.0,0.0,0.0,0.8682,0.0,0.9809,0.0,0.0,0.0,0.0
greedy_oracle,9,9.0,319.0,0.0,0.0,0.0,0.0,0.8514,0.0,0.9547,0.0,0.0,0.0,0.0
greedy_oracle,10,10.0,315.8,0.0,0.0,0.0,0.0,0.8691,0.0,0.8994,0.0,0.0,0.0,0.0
greedy_oracle,11,11.0,331.4,0.0,0.0,0.0,0.0,0.882,0.0,0.823,0.0,0.0,0.0,0.0
greedy_oracle,12,12.0,337.8,0.0,0.0,0.0,0.0,0.8894,0.0,0.7738,0.0,0.0,0.0,0.0
greedy_oracle,13,13.0,324.8,0.0,0.0,0.0,0.0,0.876,0.0,0.8148,0.0,0.0,0.0,0.0
greedy_oracle,14,14.0,318.4,0.0,0.0,0.0,0.0,0.8786,0.0,0.7911,0.0,0.0,0.0,0.0
greedy_oracle,15,15.0,332.8,0.0,0.0,0.0,0.0,0.8992,0.0,0.7411,0.0,0.0,0.0,0.0
greedy_oracle,16,16.0,320.4,0.0,0.0,0.0,0.0,0.8945,0.0,0.7434,0.0,0.0,0.0,0.0
greedy_oracle,17,17.0,310.4,0.0,0.0,0.0,0.0,0.8816,0.0,0.7534,0.0,0.0,0.0,0.0
greedy_oracle,18,18.0,295.4,0.0,0.0,0.0,0.0,0.9064,0.0,0.7736,0.0,0.0,0.0,0.0
greedy_oracle,19,19.0,295.2,0.0,0.0,0.0,0.0,0.8909,0.0,0.7616,0.0,0.0,0.0,0.0
greedy_oracle,20,20.0,268.2,0.0,0.0,0.0,0.0,0.8997,0.0,0.766,0.0,0.0,0.0,0.0
greedy_oracle,21,21.0,260.6,0.0,0.0,0.0,0.0,0.8876,0.0,0.7941,0.0,0.0,0.0,0.0
greedy_oracle,22,22.0,224.4,0.0,0.0,0.0,0.0,0.8983,0.0,0.8307,0.0,0.0,0.0,0.0
greedy_oracle,23,23.0,189.8,0.0,0.0,0.0,0.0,0.8774,0.0,0.8732,0.0,0.0,0.0,0.0
rule_based,0,0.0,161.0,0.0,0.0,0.0,0.0,0.0013,0.0,0.9987,0.0,0.0,0.0,0.0
rule_based,1,1.0,133.0,0.0,0.0,0.0,0.0,0.0228,0.0,0.9772,0.0,0.0,0.0,0.0
rule_based,2,2.0,120.4,0.0,0.0,0.0,0.0,0.0336,0.0,0.9664,0.0,0.0,0.0,0.0
rule_based,3,3.0,114.4,0.0,0.0,0.0,0.0,0.0389,0.0,0.9611,0.0,0.0,0.0,0.0
rule_based,4,4.0,107.6,0.0,0.0,0.0,0.0,0.0215,0.0,0.9806,0.0,0.0,0.0,0.0
rule_based,5,5.0,128.8,0.0,0.0,0.0,0.0,0.0352,0.0,0.9723,0.0,0.0,0.0,0.0
rule_based,6,6.0,214.2,0.0,0.0,0.0,0.0,0.048,0.0,0.9722,0.0,0.0,0.0,0.0
rule_based,7,7.0,272.4,0.0,0.0,0.0,0.0,0.0837,0.0,0.9587,0.0,0.0,0.0,0.0
rule_based,8,8.0,303.8,0.0,0.0,0.0,0.0,0.1147,0.0,0.9525,0.0,0.0,0.0,0.0
rule_based,9,9.0,319.0,0.0,0.0,0.0,0.0,0.1819,0.0,0.9265,0.0,0.0,0.0,0.0
rule_based,10,10.0,315.8,0.0,0.0,0.0,0.0,0.2566,0.0,0.8829,0.0,0.0,0.0,0.0
rule_based,11,11.0,331.4,0.0,0.0,0.0,0.0,0.3783,0.0,0.7775,0.0,0.0,0.0,0.0
rule_based,12,12.0,337.8,0.0,0.0,0.0,0.0,0.5022,0.0,0.6238,0.0,0.0,0.0,0.0
rule_based,13,13.0,324.8,0.0,0.0,0.0,0.0,0.5108,0.0,0.6241,0.0,0.0,0.0,0.0
rule_based,14,14.0,318.4,0.0,0.0,0.0,0.0,0.502,0.0,0.606,0.0,0.0,0.0,0.0
rule_based,15,15.0,332.8,0.0,0.0,0.0,0.0,0.524,0.0,0.5783,0.0,0.0,0.0,0.0
rule_based,16,16.0,320.4,0.0,0.0,0.0,0.0,0.5219,0.0,0.5646,0.0,0.0,0.0,0.0
rule_based,17,17.0,310.4,0.0,0.0,0.0,0.0,0.4986,0.0,0.5812,0.0,0.0,0.0,0.0
rule_based,18,18.0,295.4,0.0,0.0,0.0,0.0,0.4834,0.0,0.5868,0.0,0.0,0.0,0.0
rule_based,19,19.0,295.2,0.0,0.0,0.0,0.0,0.537,0.0,0.5512,0.0,0.0,0.0,0.0
rule_based,20,20.0,268.2,0.0,0.0,0.0,0.0,0.5128,0.0,0.5615,0.0,0.0,0.0,0.0
rule_based,21,21.0,260.6,0.0,0.0,0.0,0.0,0.4826,0.0,0.5902,0.0,0.0,0.0,0.0
rule_based,22,22.0,224.4,0.0,0.0,0.0,0.0,0.4651,0.0,0.5939,0.0,0.0,0.0,0.0
rule_based,23,23.0,189.8,0.0,0.0,0.0,0.0,0.4751,0.0,0.5995,0.0,0.0,0.0,0.0
core,0,0.0,161.0,1.0162,1.0059,0.0103,0.0,0.0013,0.0,0.9987,99.2,62.8,1.6,0.0
core,1,1.0,133.0,1.0183,1.0047,0.0137,0.0,0.0199,0.0138,0.9939,32.8,100.8,1.8,0.0
core,2,2.0,120.4,1.03,1.0089,0.021,0.0,0.0432,0.0177,0.9744,14.8,106.6,2.6,0.0
core,3,3.0,114.4,1.0391,1.0268,0.0122,0.0,0.0564,0.0283,0.9719,22.8,94.6,1.4,0.0
core,4,4.0,107.6,1.0445,1.0301,0.0144,0.0,0.0345,0.0154,0.9809,17.2,93.6,1.6,0.0
core,5,5.0,128.8,1.0674,1.0427,0.0248,0.0,0.0582,0.0368,0.9785,15.0,119.4,3.2,0.0
core,6,6.0,214.2,1.0752,1.051,0.0243,0.0,0.0714,0.0464,0.975,28.4,196.8,5.2,0.0
core,7,7.0,272.4,1.1333,1.0944,0.0389,0.0,0.1027,0.0732,0.9706,64.2,233.8,10.6,0.0
core,8,8.0,303.8,1.1747,1.1209,0.0538,0.0,0.1376,0.1052,0.9676,88.8,252.6,16.8,0.0
core,9,9.0,319.0,1.3508,1.2184,0.1324,0.0,0.2535,0.2219,0.9684,122.4,266.8,43.4,0.0
core,10,10.0,315.8,1.4583,1.2407,0.2176,0.0,0.3377,0.2992,0.9615,121.6,270.0,68.2,0.0
core,11,11.0,331.4,1.5912,1.2465,0.3447,0.0,0.525,0.4364,0.9114,148.6,264.6,113.4,0.0
core,12,12.0,337.8,1.6217,1.2419,0.3798,0.0,0.5929,0.4782,0.8853,159.2,260.2,128.8,0.0
core,13,13.0,324.8,1.6804,1.2861,0.3942,0.0,0.6101,0.491,0.8809,140.0,278.0,127.8,0.0
core,14,14.0,318.4,1.5959,1.2363,0.3596,0.0,0.589,0.4683,0.8793,237.2,156.6,114.2,0.0
core,15,15.0,332.8,1.6018,1.233,0.3688,0.0,0.6346,0.4686,0.8334,256.4,153.6,122.8,0.0
core,16,16.0,320.4,1.5981,1.1992,0.3989,0.0,0.6226,0.4598,0.8372,195.2,189.4,129.0,0.0
core,17,17.0,310.4,1.5872,1.2114,0.3758,0.0,0.6206,0.4636,0.8431,173.8,202.4,116.8,0.0
core,18,18.0,295.4,1.5306,1.1986,0.332,0.0,0.5718,0.4224,0.8506,149.4,204.6,98.2,0.0
core,19,19.0,295.2,1.5521,1.2006,0.3515,0.0,0.5727,0.4248,0.8521,140.4,214.0,103.8,0.0
core,20,20.0,268.2,1.5305,1.188,0.3426,0.0,0.5633,0.4364,0.8723,121.2,197.4,92.2,0.0
core,21,21.0,260.6,1.532,1.1937,0.3383,0.0,0.5443,0.437,0.8927,116.0,195.0,88.2,0.0
core,22,22.0,224.4,1.4758,1.1647,0.3111,0.0,0.4957,0.4039,0.9073,85.8,175.4,70.0,0.0
core,23,23.0,189.8,1.4351,1.1573,0.2778,0.0,0.4601,0.3814,0.9203,65.2,155.0,53.2,0.0
