system,seed,zone,placements
full,0,z0,316
full,0,z1,1156
full,0,z2,838
full,0,z3,269
full,0,z4,325
full,0,z5,174
full,0,z6,359
full,0,z7,121
full,0,z8,828
full,0,z9,1076
full,1,z0,280
full,1,z1,1333
full,1,z2,732
full,1,z3,300
full,1,z4,418
full,1,z5,142
full,1,z6,345
full,1,z7,181
full,1,z8,790
full,1,z9,945
full,2,z0,279
full,2,z1,1306
full,2,z2,744
full,2,z3,299
full,2,z4,354
full,2,z5,118
full,2,z6,361
full,2,z7,134
full,2,z8,803
full,2,z9,1014
full,3,z0,336
full,3,z1,1217
full,3,z2,563
full,3,z3,280
full,3,z4,362
full,3,z5,151
full,3,z6,427
full,3,z7,181
full,3,z8,784
full,3,z9,1130
full,4,z0,301
full,4,z1,1289
full,4,z2,703
full,4,z3,282
full,4,z4,367
full,4,z5,146
full,4,z6,382
full,4,z7,85
full,4,z8,857
full,4,z9,1179
no_memory,0,z0,290
no_memory,0,z1,1170
no_memory,0,z2,663
no_memory,0,z3,264
no_memory,0,z4,341
no_memory,0,z5,143
no_memory,0,z6,361
no_memory,0,z7,124
no_memory,0,z8,949
no_memory,0,z9,1091
no_memory,1,z0,266
no_memory,1,z1,1367
no_memory,1,z2,709
no_memory,1,z3,288
no_memory,1,z4,373
no_memory,1,z5,121
no_memory,1,z6,370
no_memory,1,z7,162
no_memory,1,z8,801
no_memory,1,z9,948
no_memory,2,z0,296
no_memory,2,z1,1289
no_memory,2,z2,688
no_memory,2,z3,276
no_memory,2,z4,365
no_memory,2,z5,120
no_memory,2,z6,343
no_memory,2,z7,124
no_memory,2,z8,805
no_memory,2,z9,1042
no_memory,3,z0,289
no_memory,3,z1,1295
no_memory,3,z2,552
no_memory,3,z3,274
no_memory,3,z4,350
no_memory,3,z5,144
no_memory,3,z6,422
no_memory,3,z7,201
no_memory,3,z8,819
no_memory,3,z9,1059
no_memory,4,z0,279
no_memory,4,z1,1292
no_memory,4,z2,714
no_memory,4,z3,283
no_memory,4,z4,341
no_memory,4,z5,138
no_memory,4,z6,388
no_memory,4,z7,92
no_memory,4,z8,888
no_memory,4,z9,1154
no_intent_cache,0,z0,318
no_intent_cache,0,z1,1189
no_intent_cache,0,z2,813
no_intent_cache,0,z3,260
no_intent_cache,0,z4,343
no_intent_cache,0,z5,141
no_intent_cache,0,z6,367
no_intent_cache,0,z7,109
no_intent_cache,0,z8,825
no_intent_cache,0,z9,1054
no_intent_cache,1,z0,261
no_intent_cache,1,z1,1344
no_intent_cache,1,z2,713
no_intent_cache,1,z3,290
no_intent_cache,1,z4,435
no_intent_cache,1,z5,154
no_intent_cache,1,z6,367
no_intent_cache,1,z7,173
no_intent_cache,1,z8,788
no_intent_cache,1,z9,975
no_intent_cache,2,z0,296
no_intent_cache,2,z1,1302
no_intent_cache,2,z2,707
no_intent_cache,2,z3,287
no_intent_cache,2,z4,359
no_intent_cache,2,z5,121
no_intent_cache,2,z6,352
no_intent_cache,2,z7,133
no_intent_cache,2,z8,794
no_intent_cache,2,z9,1043
no_intent_cache,3,z0,317
no_intent_cache,3,z1,1209
no_intent_cache,3,z2,654
no_intent_cache,3,z3,278
no_intent_cache,3,z4,346
no_intent_cache,3,z5,146
no_intent_cache,3,z6,439
no_intent_cache,3,z7,176
no_intent_cache,3,z8,780
no_intent_cache,3,z9,1078
no_intent_cache,4,z0,271
no_intent_cache,4,z1,1266
no_intent_cache,4,z2,679
no_intent_cache,4,z3,296
no_intent_cache,4,z4,366
no_intent_cache,4,z5,133
no_intent_cache,4,z6,340
no_intent_cache,4,z7,95
no_intent_cache,4,z8,937
no_intent_cache,4,z9,1205
no_cache_sharing,0,z0,302
no_cache_sharing,0,z1,1143
no_cache_sharing,0,z2,798
no_cache_sharing,0,z3,278
no_cache_sharing,0,z4,337
no_cache_sharing,0,z5,136
no_cache_sharing,0,z6,339
no_cache_sharing,0,z7,107
no_cache_sharing,0,z8,877
no_cache_sharing,0,z9,1070
no_cache_sharing,1,z0,266
no_cache_sharing,1,z1,1314
no_cache_sharing,1,z2,733
no_cache_sharing,1,z3,302
no_cache_sharing,1,z4,391
no_cache_sharing,1,z5,152
no_cache_sharing,1,z6,344
no_cache_sharing,1,z7,171
no_cache_sharing,1,z8,810
no_cache_sharing,1,z9,960
no_cache_sharing,2,z0,293
no_cache_sharing,2,z1,1360
no_cache_sharing,2,z2,677
no_cache_sharing,2,z3,281
no_cache_sharing,2,z4,361
no_cache_sharing,2,z5,113
no_cache_sharing,2,z6,356
no_cache_sharing,2,z7,136
no_cache_sharing,2,z8,770
no_cache_sharing,2,z9,1001
no_cache_sharing,3,z0,318
no_cache_sharing,3,z1,1192
no_cache_sharing,3,z2,642
no_cache_sharing,3,z3,287
no_cache_sharing,3,z4,352
no_cache_sharing,3,z5,158
no_cache_sharing,3,z6,378
no_cache_sharing,3,z7,168
no_cache_sharing,3,z8,869
no_cache_sharing,3,z9,1033
no_cache_sharing,4,z0,327
no_cache_sharing,4,z1,1270
no_cache_sharing,4,z2,681
no_cache_sharing,4,z3,307
no_cache_sharing,4,z4,352
no_cache_sharing,4,z5,129
no_cache_sharing,4,z6,410
no_cache_sharing,4,z7,99
no_cache_sharing,4,z8,859
no_cache_sharing,4,z9,1181
no_preempt_degrade,0,z0,261
no_preempt_degrade,0,z1,1090
no_preempt_degrade,0,z2,758
no_preempt_degrade,0,z3,259
no_preempt_degrade,0,z4,271
no_preempt_degrade,0,z5,140
no_preempt_degrade,0,z6,316
no_preempt_degrade,0,z7,80
no_preempt_degrade,0,z8,746
no_preempt_degrade,0,z9,985
no_preempt_degrade,1,z0,256
no_preempt_degrade,1,z1,1171
no_preempt_degrade,1,z2,601
no_preempt_degrade,1,z3,222
no_preempt_degrade,1,z4,339
no_preempt_degrade,1,z5,103
no_preempt_degrade,1,z6,309
no_preempt_degrade,1,z7,151
no_preempt_degrade,1,z8,729
no_preempt_degrade,1,z9,841
no_preempt_degrade,2,z0,238
no_preempt_degrade,2,z1,1145
no_preempt_degrade,2,z2,635
no_preempt_degrade,2,z3,242
no_preempt_degrade,2,z4,305
no_preempt_degrade,2,z5,91
no_preempt_degrade,2,z6,316
no_preempt_degrade,2,z7,125
no_preempt_degrade,2,z8,729
no_preempt_degrade,2,z9,890
no_preempt_degrade,3,z0,264
no_preempt_degrade,3,z1,1091
no_preempt_degrade,3,z2,476
no_preempt_degrade,3,z3,247
no_preempt_degrade,3,z4,301
no_preempt_degrade,3,z5,135
no_preempt_degrade,3,z6,352
no_preempt_degrade,3,z7,167
no_preempt_degrade,3,z8,678
no_preempt_degrade,3,z9,965
no_preempt_degrade,4,z0,245
no_preempt_degrade,4,z1,1103
no_preempt_degrade,4,z2,752
no_preempt_degrade,4,z3,285
no_preempt_degrade,4,z4,290
no_preempt_degrade,4,z5,110
no_preempt_degrade,4,z6,334
no_preempt_degrade,4,z7,80
no_preempt_degrade,4,z8,779
no_preempt_degrade,4,z9,1090
no_zone_tier,0,z0,218
no_zone_tier,0,z1,856
no_zone_tier,0,z2,621
no_zone_tier,0,z3,354
no_zone_tier,0,z4,273
no_zone_tier,0,z5,86
no_zone_tier,0,z6,632
no_zone_tier,0,z7,87
no_zone_tier,0,z8,626
no_zone_tier,0,z9,1674
no_zone_tier,1,z0,156
no_zone_tier,1,z1,1015
no_zone_tier,1,z2,575
no_zone_tier,1,z3,183
no_zone_tier,1,z4,303
no_zone_tier,1,z5,92
no_zone_tier,1,z6,227
no_zone_tier,1,z7,292
no_zone_tier,1,z8,1176
no_zone_tier,1,z9,1390
no_zone_tier,2,z0,237
no_zone_tier,2,z1,1524
no_zone_tier,2,z2,558
no_zone_tier,2,z3,208
no_zone_tier,2,z4,226
no_zone_tier,2,z5,68
no_zone_tier,2,z6,410
no_zone_tier,2,z7,115
no_zone_tier,2,z8,702
no_zone_tier,2,z9,1348
no_zone_tier,3,z0,192
no_zone_tier,3,z1,1092
no_zone_tier,3,z2,569
no_zone_tier,3,z3,202
no_zone_tier,3,z4,304
no_zone_tier,3,z5,94
no_zone_tier,3,z6,572
no_zone_tier,3,z7,184
no_zone_tier,3,z8,688
no_zone_tier,3,z9,1496
no_zone_tier,4,z0,215
no_zone_tier,4,z1,1360
no_zone_tier,4,z2,610
no_zone_tier,4,z3,226
no_zone_tier,4,z4,446
no_zone_tier,4,z5,258
no_zone_tier,4,z6,294
no_zone_tier,4,z7,64
no_zone_tier,4,z8,1246
no_zone_tier,4,z9,909
no_cross_zone,0,z0,309
no_cross_zone,0,z1,1224
no_cross_zone,0,z2,544
no_cross_zone,0,z3,276
no_cross_zone,0,z4,347
no_cross_zone,0,z5,167
no_cross_zone,0,z6,373
no_cross_zone,0,z7,162
no_cross_zone,0,z8,755
no_cross_zone,0,z9,1028
no_cross_zone,1,z0,262
no_cross_zone,1,z1,1335
no_cross_zone,1,z2,518
no_cross_zone,1,z3,292
no_cross_zone,1,z4,402
no_cross_zone,1,z5,168
no_cross_zone,1,z6,376
no_cross_zone,1,z7,197
no_cross_zone,1,z8,752
no_cross_zone,1,z9,947
no_cross_zone,2,z0,293
no_cross_zone,2,z1,1277
no_cross_zone,2,z2,518
no_cross_zone,2,z3,274
no_cross_zone,2,z4,348
no_cross_zone,2,z5,157
no_cross_zone,2,z6,378
no_cross_zone,2,z7,149
no_cross_zone,2,z8,713
no_cross_zone,2,z9,992
no_cross_zone,3,z0,299
no_cross_zone,3,z1,1249
no_cross_zone,3,z2,457
no_cross_zone,3,z3,281
no_cross_zone,3,z4,349
no_cross_zone,3,z5,173
no_cross_zone,3,z6,409
no_cross_zone,3,z7,205
no_cross_zone,3,z8,713
no_cross_zone,3,z9,1025
no_cross_zone,4,z0,296
no_cross_zone,4,z1,1277
no_cross_zone,4,z2,547
no_cross_zone,4,z3,299
no_cross_zone,4,z4,354
no_cross_zone,4,z5,156
no_cross_zone,4,z6,387
no_cross_zone,4,z7,133
no_cross_zone,4,z8,812
no_cross_zone,4,z9,1004
greedy_oracle,0,z0,222
greedy_oracle,0,z1,1144
greedy_oracle,0,z2,918
greedy_oracle,0,z3,143
greedy_oracle,0,z4,282
greedy_oracle,0,z5,59
greedy_oracle,0,z6,240
greedy_oracle,0,z7,75
greedy_oracle,0,z8,1018
greedy_oracle,0,z9,1038
greedy_oracle,1,z0,124
greedy_oracle,1,z1,1132
greedy_oracle,1,z2,918
greedy_oracle,1,z3,165
greedy_oracle,1,z4,268
greedy_oracle,1,z5,64
greedy_oracle,1,z6,226
greedy_oracle,1,z7,75
greedy_oracle,1,z8,1021
greedy_oracle,1,z9,1061
greedy_oracle,2,z0,219
greedy_oracle,2,z1,1091
greedy_oracle,2,z2,999
greedy_oracle,2,z3,142
greedy_oracle,2,z4,218
greedy_oracle,2,z5,35
greedy_oracle,2,z6,267
greedy_oracle,2,z7,41
greedy_oracle,2,z8,1003
greedy_oracle,2,z9,1034
greedy_oracle,3,z0,248
greedy_oracle,3,z1,1177
greedy_oracle,3,z2,672
greedy_oracle,3,z3,182
greedy_oracle,3,z4,310
greedy_oracle,3,z5,34
greedy_oracle,3,z6,240
greedy_oracle,3,z7,154
greedy_oracle,3,z8,893
greedy_oracle,3,z9,1066
greedy_oracle,4,z0,148
greedy_oracle,4,z1,1181
greedy_oracle,4,z2,1025
greedy_oracle,4,z3,128
greedy_oracle,4,z4,223
greedy_oracle,4,z5,30
greedy_oracle,4,z6,216
greedy_oracle,4,z7,41
greedy_oracle,4,z8,1082
greedy_oracle,4,z9,1318
rule_based,0,z0,255
rule_based,0,z1,993
rule_based,0,z2,575
rule_based,0,z3,223
rule_based,0,z4,252
rule_based,0,z5,136
rule_based,0,z6,284
rule_based,0,z7,89
rule_based,0,z8,723
rule_based,0,z9,887
rule_based,1,z0,197
rule_based,1,z1,1052
rule_based,1,z2,546
rule_based,1,z3,199
rule_based,1,z4,319
rule_based,1,z5,125
rule_based,1,z6,281
rule_based,1,z7,145
rule_based,1,z8,687
rule_based,1,z9,791
rule_based,2,z0,227
rule_based,2,z1,1066
rule_based,2,z2,563
rule_based,2,z3,217
rule_based,2,z4,302
rule_based,2,z5,114
rule_based,2,z6,294
rule_based,2,z7,130
rule_based,2,z8,599
rule_based,2,z9,856
rule_based,3,z0,221
rule_based,3,z1,1039
rule_based,3,z2,397
rule_based,3,z3,226
rule_based,3,z4,293
rule_based,3,z5,128
rule_based,3,z6,306
rule_based,3,z7,172
rule_based,3,z8,622
rule_based,3,z9,844
rule_based,4,z0,234
rule_based,4,z1,1014
rule_based,4,z2,560
rule_based,4,z3,250
rule_based,4,z4,255
rule_based,4,z5,124
rule_based,4,z6,290
rule_based,4,z7,90
rule_based,4,z8,741
rule_based,4,z9,993
core,0,z0,397
core,0,z1,1248
core,0,z2,701
core,0,z3,278
core,0,z4,344
core,0,z5,145
core,0,z6,346
core,0,z7,98
core,0,z8,807
core,0,z9,1042
core,1,z0,277
core,1,z1,1372
core,1,z2,736
core,1,z3,297
core,1,z4,392
core,1,z5,142
core,1,z6,338
core,1,z7,181
core,1,z8,778
core,1,z9,947
core,2,z0,317
core,2,z1,1384
core,2,z2,708
core,2,z3,277
core,2,z4,354
core,2,z5,125
core,2,z6,354
core,2,z7,139
core,2,z8,781
core,2,z9,974
core,3,z0,344
core,3,z1,1349
core,3,z2,577
core,3,z3,262
core,3,z4,351
core,3,z5,159
core,3,z6,424
core,3,z7,170
core,3,z8,730
core,3,z9,1032
core,4,z0,337
core,4,z1,1305
core,4,z2,738
core,4,z3,284
core,4,z4,344
core,4,z5,125
core,4,z6,399
core,4,z7,87
core,4,z8,845
core,4,z9,1128
