reference,seed,bin,full_invocations,ref_invocations,savings
no_memory,0,0,16.0,16.0,0.0
no_memory,0,1,3.0,3.0,0.0
no_memory,0,2,4.0,6.0,0.33333333333333337
no_memory,0,3,9.0,17.0,0.47058823529411764
no_memory,0,4,4.0,8.0,0.5
no_memory,0,5,5.0,12.0,0.5833333333333333
no_memory,0,6,10.0,22.0,0.5454545454545454
no_memory,0,7,21.0,47.0,0.5531914893617021
no_memory,0,8,20.0,57.0,0.6491228070175439
no_memory,0,9,29.0,98.0,0.7040816326530612
no_memory,0,10,22.0,86.0,0.7441860465116279
no_memory,0,11,60.0,144.0,0.5833333333333333
no_memory,0,12,73.0,204.0,0.642156862745098
no_memory,0,13,65.0,204.0,0.6813725490196079
no_memory,0,14,64.0,188.0,0.6595744680851063
no_memory,0,15,68.0,216.0,0.6851851851851851
no_memory,0,16,45.0,174.0,0.7413793103448276
no_memory,0,17,50.0,191.0,0.7382198952879582
no_memory,0,18,35.0,159.0,0.779874213836478
no_memory,0,19,46.0,161.0,0.7142857142857143
no_memory,0,20,45.0,168.0,0.7321428571428572
no_memory,0,21,25.0,103.0,0.7572815533980582
no_memory,0,22,38.0,115.0,0.6695652173913044
no_memory,0,23,23.0,90.0,0.7444444444444445
no_memory,1,0,22.0,22.0,0.0
no_memory,1,1,7.0,7.0,0.0
no_memory,1,2,7.0,8.0,0.125
no_memory,1,3,9.0,9.0,0.0
no_memory,1,4,2.0,4.0,0.5
no_memory,1,5,5.0,8.0,0.375
no_memory,1,6,10.0,22.0,0.5454545454545454
no_memory,1,7,17.0,35.0,0.5142857142857142
no_memory,1,8,13.0,41.0,0.6829268292682926
no_memory,1,9,27.0,79.0,0.6582278481012658
no_memory,1,10,40.0,152.0,0.736842105263158
no_memory,1,11,69.0,205.0,0.6634146341463414
no_memory,1,12,75.0,227.0,0.6696035242290749
no_memory,1,13,75.0,216.0,0.6527777777777778
no_memory,1,14,52.0,199.0,0.7386934673366834
no_memory,1,15,62.0,177.0,0.6497175141242938
no_memory,1,16,72.0,208.0,0.6538461538461539
no_memory,1,17,60.0,161.0,0.6273291925465838
no_memory,1,18,28.0,137.0,0.7956204379562044
no_memory,1,19,47.0,153.0,0.6928104575163399
no_memory,1,20,55.0,152.0,0.638157894736842
no_memory,1,21,39.0,131.0,0.7022900763358779
no_memory,1,22,29.0,100.0,0.71
no_memory,1,23,20.0,66.0,0.696969696969697
no_memory,2,0,22.0,24.0,0.08333333333333337
no_memory,2,1,9.0,10.0,0.09999999999999998
no_memory,2,2,2.0,5.0,0.6
no_memory,2,3,5.0,12.0,0.5833333333333333
no_memory,2,4,5.0,13.0,0.6153846153846154
no_memory,2,5,6.0,12.0,0.5
no_memory,2,6,9.0,16.0,0.4375
no_memory,2,7,14.0,38.0,0.631578947368421
no_memory,2,8,14.0,69.0,0.7971014492753623
no_memory,2,9,27.0,100.0,0.73
no_memory,2,10,48.0,179.0,0.7318435754189945
no_memory,2,11,82.0,200.0,0.5900000000000001
no_memory,2,12,95.0,219.0,0.5662100456621004
no_memory,2,13,50.0,170.0,0.7058823529411764
no_memory,2,14,63.0,186.0,0.6612903225806452
no_memory,2,15,57.0,195.0,0.7076923076923076
no_memory,2,16,45.0,187.0,0.7593582887700535
no_memory,2,17,64.0,192.0,0.6666666666666667
no_memory,2,18,58.0,166.0,0.6506024096385542
no_memory,2,19,48.0,148.0,0.6756756756756757
no_memory,2,20,66.0,153.0,0.5686274509803921
no_memory,2,21,35.0,133.0,0.736842105263158
no_memory,2,22,37.0,124.0,0.7016129032258065
no_memory,2,23,23.0,91.0,0.7472527472527473
no_memory,3,0,16.0,17.0,0.05882352941176472
no_memory,3,1,8.0,8.0,0.0
no_memory,3,2,8.0,8.0,0.0
no_memory,3,3,7.0,7.0,0.0
no_memory,3,4,3.0,5.0,0.4
no_memory,3,5,6.0,13.0,0.5384615384615384
no_memory,3,6,5.0,29.0,0.8275862068965517
no_memory,3,7,23.0,68.0,0.6617647058823529
no_memory,3,8,34.0,104.0,0.6730769230769231
no_memory,3,9,63.0,188.0,0.6648936170212766
no_memory,3,10,48.0,160.0,0.7
no_memory,3,11,66.0,166.0,0.6024096385542168
no_memory,3,12,70.0,195.0,0.641025641025641
no_memory,3,13,52.0,222.0,0.7657657657657657
no_memory,3,14,66.0,206.0,0.6796116504854368
no_memory,3,15,70.0,179.0,0.6089385474860336
no_memory,3,16,81.0,184.0,0.5597826086956521
no_memory,3,17,72.0,227.0,0.6828193832599119
no_memory,3,18,46.0,154.0,0.7012987012987013
no_memory,3,19,42.0,162.0,0.7407407407407407
no_memory,3,20,42.0,155.0,0.7290322580645161
no_memory,3,21,30.0,120.0,0.75
no_memory,3,22,34.0,104.0,0.6730769230769231
no_memory,3,23,22.0,98.0,0.7755102040816326
no_memory,4,0,21.0,22.0,0.045454545454545414
no_memory,4,1,4.0,10.0,0.6
no_memory,4,2,5.0,6.0,0.16666666666666663
no_memory,4,3,4.0,7.0,0.4285714285714286
no_memory,4,4,5.0,8.0,0.375
no_memory,4,5,4.0,14.0,0.7142857142857143
no_memory,4,6,14.0,23.0,0.3913043478260869
no_memory,4,7,14.0,41.0,0.6585365853658536
no_memory,4,8,21.0,71.0,0.704225352112676
no_memory,4,9,33.0,89.0,0.6292134831460674
no_memory,4,10,34.0,143.0,0.7622377622377623
no_memory,4,11,73.0,209.0,0.6507177033492824
no_memory,4,12,56.0,198.0,0.7171717171717171
no_memory,4,13,64.0,206.0,0.6893203883495146
no_memory,4,14,41.0,161.0,0.7453416149068324
no_memory,4,15,56.0,196.0,0.7142857142857143
no_memory,4,16,37.0,140.0,0.7357142857142858
no_memory,4,17,40.0,119.0,0.6638655462184874
no_memory,4,18,52.0,159.0,0.6729559748427674
no_memory,4,19,54.0,164.0,0.6707317073170731
no_memory,4,20,25.0,123.0,0.7967479674796748
no_memory,4,21,37.0,137.0,0.7299270072992701
no_memory,4,22,21.0,84.0,0.75
no_memory,4,23,12.0,39.0,0.6923076923076923
no_intent_cache,0,0,16.0,148.0,0.8918918918918919
no_intent_cache,0,1,3.0,141.0,0.9787234042553191
no_intent_cache,0,2,4.0,107.0,0.9626168224299065
no_intent_cache,0,3,9.0,138.0,0.9347826086956522
no_intent_cache,0,4,4.0,105.0,0.9619047619047619
no_intent_cache,0,5,5.0,138.0,0.9637681159420289
no_intent_cache,0,6,10.0,224.0,0.9553571428571429
no_intent_cache,0,7,21.0,291.0,0.9278350515463918
no_intent_cache,0,8,20.0,298.0,0.9328859060402684
no_intent_cache,0,9,29.0,339.0,0.9144542772861357
no_intent_cache,0,10,22.0,330.0,0.9333333333333333
no_intent_cache,0,11,60.0,386.0,0.844559585492228
no_intent_cache,0,12,73.0,392.0,0.8137755102040816
no_intent_cache,0,13,65.0,383.0,0.8302872062663186
no_intent_cache,0,14,64.0,363.0,0.8236914600550964
no_intent_cache,0,15,68.0,378.0,0.8201058201058201
no_intent_cache,0,16,45.0,354.0,0.8728813559322034
no_intent_cache,0,17,50.0,365.0,0.863013698630137
no_intent_cache,0,18,35.0,312.0,0.8878205128205128
no_intent_cache,0,19,46.0,335.0,0.8626865671641791
no_intent_cache,0,20,45.0,312.0,0.8557692307692308
no_intent_cache,0,21,25.0,279.0,0.910394265232975
no_intent_cache,0,22,38.0,277.0,0.8628158844765343
no_intent_cache,0,23,23.0,201.0,0.8855721393034826
no_intent_cache,1,0,22.0,180.0,0.8777777777777778
no_intent_cache,1,1,7.0,142.0,0.9507042253521126
no_intent_cache,1,2,7.0,113.0,0.9380530973451328
no_intent_cache,1,3,9.0,112.0,0.9196428571428571
no_intent_cache,1,4,2.0,95.0,0.9789473684210527
no_intent_cache,1,5,5.0,115.0,0.9565217391304348
no_intent_cache,1,6,10.0,209.0,0.9521531100478469
no_intent_cache,1,7,17.0,273.0,0.9377289377289377
no_intent_cache,1,8,13.0,291.0,0.9553264604810997
no_intent_cache,1,9,27.0,327.0,0.9174311926605505
no_intent_cache,1,10,40.0,357.0,0.8879551820728291
no_intent_cache,1,11,69.0,423.0,0.8368794326241135
no_intent_cache,1,12,75.0,403.0,0.8138957816377171
no_intent_cache,1,13,75.0,403.0,0.8138957816377171
no_intent_cache,1,14,52.0,367.0,0.8583106267029973
no_intent_cache,1,15,62.0,393.0,0.8422391857506362
no_intent_cache,1,16,72.0,406.0,0.8226600985221675
no_intent_cache,1,17,60.0,333.0,0.8198198198198199
no_intent_cache,1,18,28.0,296.0,0.9054054054054054
no_intent_cache,1,19,47.0,331.0,0.8580060422960725
no_intent_cache,1,20,55.0,319.0,0.8275862068965517
no_intent_cache,1,21,39.0,297.0,0.8686868686868687
no_intent_cache,1,22,29.0,238.0,0.8781512605042017
no_intent_cache,1,23,20.0,195.0,0.8974358974358975
no_intent_cache,2,0,22.0,179.0,0.8770949720670391
no_intent_cache,2,1,9.0,130.0,0.9307692307692308
no_intent_cache,2,2,2.0,129.0,0.9844961240310077
no_intent_cache,2,3,5.0,103.0,0.9514563106796117
no_intent_cache,2,4,5.0,104.0,0.9519230769230769
no_intent_cache,2,5,6.0,136.0,0.9558823529411765
no_intent_cache,2,6,9.0,214.0,0.9579439252336449
no_intent_cache,2,7,14.0,286.0,0.951048951048951
no_intent_cache,2,8,14.0,302.0,0.9536423841059603
no_intent_cache,2,9,27.0,318.0,0.9150943396226415
no_intent_cache,2,10,48.0,358.0,0.8659217877094972
no_intent_cache,2,11,82.0,394.0,0.7918781725888324
no_intent_cache,2,12,95.0,431.0,0.7795823665893271
no_intent_cache,2,13,50.0,353.0,0.858356940509915
no_intent_cache,2,14,63.0,364.0,0.8269230769230769
no_intent_cache,2,15,57.0,359.0,0.841225626740947
no_intent_cache,2,16,45.0,352.0,0.8721590909090909
no_intent_cache,2,17,64.0,354.0,0.8192090395480226
no_intent_cache,2,18,58.0,343.0,0.8309037900874636
no_intent_cache,2,19,48.0,324.0,0.8518518518518519
no_intent_cache,2,20,66.0,297.0,0.7777777777777778
no_intent_cache,2,21,35.0,299.0,0.882943143812709
no_intent_cache,2,22,37.0,240.0,0.8458333333333333
no_intent_cache,2,23,23.0,228.0,0.8991228070175439
no_intent_cache,3,0,16.0,141.0,0.8865248226950355
no_intent_cache,3,1,8.0,130.0,0.9384615384615385
no_intent_cache,3,2,8.0,132.0,0.9393939393939394
no_intent_cache,3,3,7.0,118.0,0.940677966101695
no_intent_cache,3,4,3.0,112.0,0.9732142857142857
no_intent_cache,3,5,6.0,137.0,0.9562043795620438
no_intent_cache,3,6,5.0,219.0,0.9771689497716896
no_intent_cache,3,7,23.0,272.0,0.9154411764705882
no_intent_cache,3,8,34.0,352.0,0.9034090909090909
no_intent_cache,3,9,63.0,391.0,0.8388746803069054
no_intent_cache,3,10,48.0,364.0,0.8681318681318682
no_intent_cache,3,11,66.0,345.0,0.808695652173913
no_intent_cache,3,12,70.0,370.0,0.8108108108108107
no_intent_cache,3,13,52.0,377.0,0.8620689655172413
no_intent_cache,3,14,66.0,359.0,0.8161559888579387
no_intent_cache,3,15,70.0,379.0,0.8153034300791557
no_intent_cache,3,16,81.0,396.0,0.7954545454545454
no_intent_cache,3,17,72.0,369.0,0.8048780487804879
no_intent_cache,3,18,46.0,325.0,0.8584615384615385
no_intent_cache,3,19,42.0,317.0,0.8675078864353312
no_intent_cache,3,20,42.0,287.0,0.8536585365853658
no_intent_cache,3,21,30.0,280.0,0.8928571428571429
no_intent_cache,3,22,34.0,213.0,0.8403755868544601
no_intent_cache,3,23,22.0,235.0,0.9063829787234042
no_intent_cache,4,0,21.0,158.0,0.8670886075949367
no_intent_cache,4,1,4.0,130.0,0.9692307692307692
no_intent_cache,4,2,5.0,128.0,0.9609375
no_intent_cache,4,3,4.0,109.0,0.963302752293578
no_intent_cache,4,4,5.0,122.0,0.9590163934426229
no_intent_cache,4,5,4.0,127.0,0.9685039370078741
no_intent_cache,4,6,14.0,218.0,0.9357798165137614
no_intent_cache,4,7,14.0,267.0,0.947565543071161
no_intent_cache,4,8,21.0,322.0,0.9347826086956522
no_intent_cache,4,9,33.0,349.0,0.9054441260744985
no_intent_cache,4,10,34.0,335.0,0.8985074626865672
no_intent_cache,4,11,73.0,376.0,0.8058510638297872
no_intent_cache,4,12,56.0,379.0,0.8522427440633246
no_intent_cache,4,13,64.0,361.0,0.8227146814404432
no_intent_cache,4,14,41.0,361.0,0.8864265927977839
no_intent_cache,4,15,56.0,365.0,0.8465753424657534
no_intent_cache,4,16,37.0,315.0,0.8825396825396825
no_intent_cache,4,17,40.0,338.0,0.8816568047337279
no_intent_cache,4,18,52.0,368.0,0.8586956521739131
no_intent_cache,4,19,54.0,362.0,0.850828729281768
no_intent_cache,4,20,25.0,276.0,0.9094202898550725
no_intent_cache,4,21,37.0,296.0,0.875
no_intent_cache,4,22,21.0,236.0,0.9110169491525424
no_intent_cache,4,23,12.0,181.0,0.9337016574585635
no_cache_sharing,0,0,16.0,71.0,0.7746478873239436
no_cache_sharing,0,1,3.0,22.0,0.8636363636363636
no_cache_sharing,0,2,4.0,9.0,0.5555555555555556
no_cache_sharing,0,3,9.0,17.0,0.47058823529411764
no_cache_sharing,0,4,4.0,19.0,0.7894736842105263
no_cache_sharing,0,5,5.0,15.0,0.6666666666666667
no_cache_sharing,0,6,10.0,34.0,0.7058823529411764
no_cache_sharing,0,7,21.0,39.0,0.46153846153846156
no_cache_sharing,0,8,20.0,48.0,0.5833333333333333
no_cache_sharing,0,9,29.0,58.0,0.5
no_cache_sharing,0,10,22.0,46.0,0.5217391304347826
no_cache_sharing,0,11,60.0,78.0,0.23076923076923073
no_cache_sharing,0,12,73.0,146.0,0.5
no_cache_sharing,0,13,65.0,114.0,0.4298245614035088
no_cache_sharing,0,14,64.0,109.0,0.4128440366972477
no_cache_sharing,0,15,68.0,123.0,0.44715447154471544
no_cache_sharing,0,16,45.0,107.0,0.5794392523364487
no_cache_sharing,0,17,50.0,81.0,0.3827160493827161
no_cache_sharing,0,18,35.0,69.0,0.49275362318840576
no_cache_sharing,0,19,46.0,73.0,0.36986301369863017
no_cache_sharing,0,20,45.0,90.0,0.5
no_cache_sharing,0,21,25.0,75.0,0.6666666666666667
no_cache_sharing,0,22,38.0,69.0,0.4492753623188406
no_cache_sharing,0,23,23.0,37.0,0.3783783783783784
no_cache_sharing,1,0,22.0,82.0,0.7317073170731707
no_cache_sharing,1,1,7.0,28.0,0.75
no_cache_sharing,1,2,7.0,15.0,0.5333333333333333
no_cache_sharing,1,3,9.0,20.0,0.55
no_cache_sharing,1,4,2.0,11.0,0.8181818181818181
no_cache_sharing,1,5,5.0,14.0,0.6428571428571428
no_cache_sharing,1,6,10.0,28.0,0.6428571428571428
no_cache_sharing,1,7,17.0,47.0,0.6382978723404256
no_cache_sharing,1,8,13.0,38.0,0.6578947368421053
no_cache_sharing,1,9,27.0,59.0,0.5423728813559322
no_cache_sharing,1,10,40.0,67.0,0.4029850746268657
no_cache_sharing,1,11,69.0,118.0,0.4152542372881356
no_cache_sharing,1,12,75.0,148.0,0.4932432432432432
no_cache_sharing,1,13,75.0,124.0,0.3951612903225806
no_cache_sharing,1,14,52.0,113.0,0.5398230088495575
no_cache_sharing,1,15,62.0,107.0,0.42056074766355145
no_cache_sharing,1,16,72.0,98.0,0.26530612244897955
no_cache_sharing,1,17,60.0,93.0,0.3548387096774194
no_cache_sharing,1,18,28.0,94.0,0.7021276595744681
no_cache_sharing,1,19,47.0,79.0,0.40506329113924056
no_cache_sharing,1,20,55.0,73.0,0.2465753424657534
no_cache_sharing,1,21,39.0,66.0,0.40909090909090906
no_cache_sharing,1,22,29.0,54.0,0.4629629629629629
no_cache_sharing,1,23,20.0,41.0,0.5121951219512195
no_cache_sharing,2,0,22.0,74.0,0.7027027027027026
no_cache_sharing,2,1,9.0,26.0,0.6538461538461539
no_cache_sharing,2,2,2.0,19.0,0.8947368421052632
no_cache_sharing,2,3,5.0,17.0,0.7058823529411764
no_cache_sharing,2,4,5.0,11.0,0.5454545454545454
no_cache_sharing,2,5,6.0,21.0,0.7142857142857143
no_cache_sharing,2,6,9.0,30.0,0.7
no_cache_sharing,2,7,14.0,29.0,0.5172413793103448
no_cache_sharing,2,8,14.0,53.0,0.7358490566037736
no_cache_sharing,2,9,27.0,58.0,0.5344827586206897
no_cache_sharing,2,10,48.0,72.0,0.33333333333333337
no_cache_sharing,2,11,82.0,109.0,0.24770642201834858
no_cache_sharing,2,12,95.0,147.0,0.3537414965986394
no_cache_sharing,2,13,50.0,88.0,0.43181818181818177
no_cache_sharing,2,14,63.0,98.0,0.3571428571428571
no_cache_sharing,2,15,57.0,106.0,0.46226415094339623
no_cache_sharing,2,16,45.0,88.0,0.48863636363636365
no_cache_sharing,2,17,64.0,87.0,0.26436781609195403
no_cache_sharing,2,18,58.0,104.0,0.4423076923076923
no_cache_sharing,2,19,48.0,73.0,0.34246575342465757
no_cache_sharing,2,20,66.0,78.0,0.15384615384615385
no_cache_sharing,2,21,35.0,64.0,0.453125
no_cache_sharing,2,22,37.0,52.0,0.28846153846153844
no_cache_sharing,2,23,23.0,37.0,0.3783783783783784
no_cache_sharing,3,0,16.0,68.0,0.7647058823529411
no_cache_sharing,3,1,8.0,28.0,0.7142857142857143
no_cache_sharing,3,2,8.0,20.0,0.6
no_cache_sharing,3,3,7.0,20.0,0.65
no_cache_sharing,3,4,3.0,13.0,0.7692307692307692
no_cache_sharing,3,5,6.0,22.0,0.7272727272727273
no_cache_sharing,3,6,5.0,28.0,0.8214285714285714
no_cache_sharing,3,7,23.0,42.0,0.45238095238095233
no_cache_sharing,3,8,34.0,61.0,0.4426229508196722
no_cache_sharing,3,9,63.0,97.0,0.35051546391752575
no_cache_sharing,3,10,48.0,96.0,0.5
no_cache_sharing,3,11,66.0,103.0,0.35922330097087374
no_cache_sharing,3,12,70.0,105.0,0.33333333333333337
no_cache_sharing,3,13,52.0,102.0,0.4901960784313726
no_cache_sharing,3,14,66.0,101.0,0.3465346534653465
no_cache_sharing,3,15,70.0,117.0,0.4017094017094017
no_cache_sharing,3,16,81.0,118.0,0.31355932203389836
no_cache_sharing,3,17,72.0,122.0,0.4098360655737705
no_cache_sharing,3,18,46.0,79.0,0.4177215189873418
no_cache_sharing,3,19,42.0,69.0,0.3913043478260869
no_cache_sharing,3,20,42.0,70.0,0.4
no_cache_sharing,3,21,30.0,52.0,0.42307692307692313
no_cache_sharing,3,22,34.0,25.0,-0.3600000000000001
no_cache_sharing,3,23,22.0,44.0,0.5
no_cache_sharing,4,0,21.0,68.0,0.6911764705882353
no_cache_sharing,4,1,4.0,27.0,0.8518518518518519
no_cache_sharing,4,2,5.0,20.0,0.75
no_cache_sharing,4,3,4.0,14.0,0.7142857142857143
no_cache_sharing,4,4,5.0,22.0,0.7727272727272727
no_cache_sharing,4,5,4.0,11.0,0.6363636363636364
no_cache_sharing,4,6,14.0,28.0,0.5
no_cache_sharing,4,7,14.0,37.0,0.6216216216216216
no_cache_sharing,4,8,21.0,56.0,0.625
no_cache_sharing,4,9,33.0,64.0,0.484375
no_cache_sharing,4,10,34.0,68.0,0.5
no_cache_sharing,4,11,73.0,95.0,0.2315789473684211
no_cache_sharing,4,12,56.0,123.0,0.5447154471544715
no_cache_sharing,4,13,64.0,94.0,0.3191489361702128
no_cache_sharing,4,14,41.0,94.0,0.5638297872340425
no_cache_sharing,4,15,56.0,93.0,0.3978494623655914
no_cache_sharing,4,16,37.0,74.0,0.5
no_cache_sharing,4,17,40.0,78.0,0.4871794871794872
no_cache_sharing,4,18,52.0,104.0,0.5
no_cache_sharing,4,19,54.0,106.0,0.49056603773584906
no_cache_sharing,4,20,25.0,58.0,0.5689655172413793
no_cache_sharing,4,21,37.0,68.0,0.4558823529411765
no_cache_sharing,4,22,21.0,36.0,0.41666666666666663
no_cache_sharing,4,23,12.0,27.0,0.5555555555555556
