system,group,acceptance_A,acceptance_B,acceptance_C,acceptance_rate,cache_hit_rate,cache_hit_shared_rate,cache_miss_first_quarter,cache_miss_last_quarter,completed_correct_rate,completion_rate,cross_zone_share,degrade_per_100req,escalation_rate,escalation_success,fail_rate_after_accept,fresh_calls_per_req,inv_per_req_first_quarter,inv_per_req_last_quarter,inv_per_req_slope_per_bin,invocations_per_req,lat_setup_mean,lat_setup_p95,llm_invocations_per_req,llm_per_escalation,llm_per_escalation_first_quarter,llm_per_escalation_last_quarter,llm_per_escalation_slope_per_bin,llm_stage_rate,locality_violation_rate,memory_share_of_escalations,new_type_acceptance,preempt_per_100req,slm_invocations_per_req,tokens_per_req_all,translation_service_type_acc,util_var_zones_mean,n_seeds
full,proposed,0.9801 ± 0.0071,0.9144 ± 0.015,0.8698 ± 0.04,0.9121 ± 0.014,0.9819 ± 0.00045,0.8553 ± 0.01,0.02275 ± 0.0018,0.0129 ± 0.0009,0.7902 ± 0.016,0.8897 ± 0.013,0.1628 ± 0.0099,8.37 ± 1.5,0.4058 ± 0.041,0.784 ± 0.017,0.02453 ± 0.0093,0.1374 ± 0.016,0.06096 ± 0.0081,0.1454 ± 0.022,0.005085 ± 0.0013,0.1389 ± 0.016,83.02 ± 9.9,616.3 ± 14,0.0999 ± 0.015,0.2265 ± 0.016,0.2597 ± 0.18,0.2006 ± 0.025,-0.004584 ± 0.0044,0.07367 ± 0.011,0.005628 ± 0.0014,0.5669 ± 0.026,0.9283 ± 0.044,13.93 ± 1.9,0.039 ± 0.0015,136.5 ± 19,0.8891 ± 0.016,0.01561 ± 0.0036,5
no_memory,ablation,0.9809 ± 0.0087,0.9088 ± 0.017,0.854 ± 0.041,0.9041 ± 0.017,0.9819 ± 0.00045,0.8553 ± 0.01,0.02275 ± 0.0018,0.0129 ± 0.0009,0.7883 ± 0.0054,0.8795 ± 0.015,0.1451 ± 0.0049,9.82 ± 1.3,0.3991 ± 0.04,0.7606 ± 0.027,0.0272 ± 0.011,0.4182 ± 0.033,0.08384 ± 0.011,0.5024 ± 0.045,0.0232 ± 0.0037,0.4266 ± 0.032,221.8 ± 20,699.8 ± 6.9,0.3876 ± 0.032,0.8813 ± 0.028,0.5529 ± 0.041,0.8492 ± 0.044,-0.006909 ± 0.0098,0.3013 ± 0.025,0.006194 ± 0.00091,0 ± 0,0.9315 ± 0.031,11.75 ± 1.8,0.039 ± 0.0015,321.8 ± 26,0.8953 ± 0.0097,0.01598 ± 0.0031,5
no_intent_cache,ablation,0.978 ± 0.0077,0.9148 ± 0.0093,0.867 ± 0.041,0.9108 ± 0.016,,,,,0.7957 ± 0.017,0.8857 ± 0.015,0.1538 ± 0.0062,7.923 ± 1,0.4038 ± 0.033,0.78 ± 0.027,0.0275 ± 0.0083,0.3575 ± 0.011,1.009 ± 0.0042,1.108 ± 0.019,0.005606 ± 0.0015,1.098 ± 0.012,365.7 ± 8,903 ± 14,0.0978 ± 0.012,0.2233 ± 0.015,0.2452 ± 0.19,0.1947 ± 0.014,-0.005801 ± 0.0039,0.07413 ± 0.0088,0.004618 ± 0.0015,0.5605 ± 0.025,0.9566 ± 0.016,14.3 ± 1.7,1 ± 0,634.4 ± 16,0.8991 ± 0.0039,0.01567 ± 0.003,5
no_cache_sharing,ablation,0.9787 ± 0.0076,0.9118 ± 0.014,0.8579 ± 0.053,0.9063 ± 0.022,0.8706 ± 0.0013,0 ± 0,0.1699 ± 0.0064,0.1149 ± 0.0035,0.7806 ± 0.022,0.8822 ± 0.019,0.1589 ± 0.011,7.963 ± 1,0.4094 ± 0.037,0.7728 ± 0.036,0.02654 ± 0.0079,0.1992 ± 0.012,0.2155 ± 0.015,0.2563 ± 0.022,0.003593 ± 0.002,0.2599 ± 0.013,115.3 ± 9.3,624.1 ± 21,0.09747 ± 0.011,0.2187 ± 0.017,0.2447 ± 0.19,0.1915 ± 0.03,-0.005495 ± 0.0057,0.07207 ± 0.0098,0.005572 ± 0.0021,0.5616 ± 0.039,0.9436 ± 0.026,14.1 ± 1.2,0.1624 ± 0.003,197.3 ± 15,0.8836 ± 0.012,0.0162 ± 0.0025,5
no_preempt_degrade,ablation,0.9715 ± 0.0065,0.7941 ± 0.031,0.7159 ± 0.075,0.8029 ± 0.034,0.9819 ± 0.00045,0.8553 ± 0.01,0.02275 ± 0.0018,0.0129 ± 0.0009,0.7067 ± 0.018,0.7948 ± 0.029,0.1363 ± 0.006,0 ± 0,0.3065 ± 0.03,0.3596 ± 0.053,0.009956 ± 0.014,0.03817 ± 0.0014,0.05179 ± 0.0051,0.03199 ± 0.0053,-0.0008621 ± 0.00041,0.03963 ± 0.0015,23.5 ± 0.38,83.12 ± 2.3,0.0006333 ± 9.3e-05,0 ± 0,0 ± 0,0 ± 0,0 ± 0,0 ± 0,0.002672 ± 0.0012,0.3096 ± 0.065,0.7702 ± 0.068,0 ± 0,0.039 ± 0.0015,20.34 ± 0.76,0.8953 ± 0.0097,0.01492 ± 0.0022,5
no_zone_tier,ablation,0.9769 ± 0.0062,0.9072 ± 0.018,0.8702 ± 0.041,0.9084 ± 0.021,0.9819 ± 0.00048,0 ± 0,0.02275 ± 0.0018,0.0129 ± 0.0009,0.7792 ± 0.017,0.8853 ± 0.018,0.469 ± 0.018,8.087 ± 0.63,1 ± 0,0.9084 ± 0.021,0.02537 ± 0.011,0.1614 ± 0.01,0.06562 ± 0.007,0.1793 ± 0.018,0.006645 ± 0.0011,0.1626 ± 0.01,134.7 ± 6.4,630.1 ± 9.9,0.1224 ± 0.011,0.1218 ± 0.011,0.01017 ± 0.0048,0.1459 ± 0.016,0.007556 ± 0.00098,0.09227 ± 0.0082,0.01489 ± 0.0046,0.7725 ± 0.028,0.9232 ± 0.047,19.23 ± 1.8,0.04017 ± 0.0024,158.8 ± 13,0.8774 ± 0.015,0.01819 ± 0.0014,5
no_cross_zone,ablation,0.9685 ± 0.012,0.8578 ± 0.011,0.8143 ± 0.036,0.8653 ± 0.014,0.9819 ± 0.00045,0.8553 ± 0.01,0.02275 ± 0.0018,0.0129 ± 0.0009,0.7411 ± 0.0091,0.8215 ± 0.011,0 ± 0,7.4 ± 1,0.2782 ± 0.03,0.5147 ± 0.039,0.05052 ± 0.005,0.0883 ± 0.0068,0.06564 ± 0.0093,0.07587 ± 0.012,0.0003736 ± 0.0011,0.08977 ± 0.0069,54.74 ± 5.8,482.1 ± 1.4e+02,0.05077 ± 0.0064,0.1616 ± 0.0079,0.3257 ± 0.2,0.1153 ± 0.017,-0.01102 ± 0.0043,0.04423 ± 0.0059,0 ± 0,0.3561 ± 0.033,0.9135 ± 0.036,7.277 ± 1.1,0.039 ± 0.0015,59.35 ± 5.9,0.8953 ± 0.0097,0.01781 ± 0.0022,5
greedy_oracle,baseline,0.9989 ± 0.0011,0.8449 ± 0.039,0.78 ± 0.065,0.8537 ± 0.033,,,,,0.8457 ± 0.03,0.8457 ± 0.03,0.8566 ± 0.0044,0 ± 0,0.8776 ± 0.006,0.8334 ± 0.037,0.009213 ± 0.014,0 ± 0,0 ± 0,0 ± 0,0 ± 0,0 ± 0,5.822 ± 0.071,8.399 ± 0.11,0 ± 0,0 ± 0,0 ± 0,0 ± 0,0 ± 0,0 ± 0,0.3712 ± 0.013,0 ± 0,0.857 ± 0.057,0 ± 0,0 ± 0,0 ± 0,1 ± 0,0.01456 ± 0.0026,5
rule_based,baseline,0.9724 ± 0.0066,0.743 ± 0.031,0.5768 ± 0.038,0.7309 ± 0.023,,,,,0.7163 ± 0.019,0.7245 ± 0.019,0.1116 ± 0.004,0 ± 0,0.3507 ± 0.02,0.2332 ± 0.023,0.008641 ± 0.013,0 ± 0,0 ± 0,0 ± 0,0 ± 0,0 ± 0,15.74 ± 0.24,76.6 ± 1.2,0 ± 0,0 ± 0,0 ± 0,0 ± 0,0 ± 0,0 ± 0,0.0003613 ± 0.00024,0 ± 0,0.1394 ± 0.022,0 ± 0,0 ± 0,0 ± 0,0.8396 ± 0.0042,0.01592 ± 0.0031,5
core,baseline,0.9796 ± 0.0075,0.9099 ± 0.01,0.867 ± 0.041,0.909 ± 0.017,,,,,0.791 ± 0.019,0.8815 ± 0.017,0.1645 ± 0.011,8.473 ± 0.85,0.4159 ± 0.039,0.782 ± 0.025,0.03024 ± 0.0087,0.6884 ± 0.039,1.035 ± 0.012,1.516 ± 0.044,0.02697 ± 0.005,1.429 ± 0.038,456.7 ± 19,954.3 ± 9,0.2525 ± 0.029,0.5797 ± 0.019,0.3583 ± 0.22,0.5984 ± 0.038,0.009427 ± 0.0097,0.325 ± 0.025,0.005435 ± 0.0021,0 ± 0,0.9617 ± 0.019,13.36 ± 1.5,1.177 ± 0.018,868.1 ± 34,0.8984 ± 0.0067,0.01542 ± 0.0041,5
